34402543,uMuD TuRsUN
31087388,ULTRA
12139359,UMMEHP
54902288,曼彻斯顿的夜
48496953,umar
50841662,umut8ay
53867394,un4gettable
33136161,Unluxuryy
51503084,ETD SmAky
12318473,URBG
12386570,Uncle周
33907844,UnI
34534823,123
34366352,URC SON
48768490,Ump9
15060593,Uke-周星星
48859260,域卡
48128670,UmuD-Uuu
49747663,y
49985845,Uriah-X
34673531,UnderStan
32980978,URBOIWHELAN
46359005,REDINMYEYE
33937355,Un Ben
12015010,UncleWang
61132003,Umut
37053193,utopia.kid
36336572,umak-xum3
33397525,Wz王哲
30910566,UnbalancedCat
60403536,JYmoneyNa
34235344,vi1
33851006,Vital马睿骋
52340580,于小小
12481977,朴鲨VPS
12126098,Vk
47607557,VodKa
28185203,Victor☆
29392634,Veezy
52800445,Vusx
13005039,V.O.B
12288138,Vanished
57531346,Victorm
5342,V.K克
35009085,Vansdaddy
56361527,GANG MUSIC
34850318,Vincentz
1049083,VESK GREEN 青菜
31086016,Vico
12265481,Vyan
12094603,DJ小G
34040527,VVCCX
54345245,VJay（9千8）
32718059,Vicious
58638153,Asoat
53460750,VEBOT
32511105,Vəli Музыка
12174550,Viruses.Z
31576180,Vonjee
46669102,Vicky 黎偉棋
47910375,Veco
57539474,VIKI
12317299,Vsun
28413428,阳光开朗帅气大学生
12258027,VintaGe
32913311,Vapor
789949,Visudy
31012497,vank_顽客
54573619,Vergil
50221309,Jaxon
36399473,风烟重渡你丶
12529644,VeetaCrush
13200778,Vex
37509799,Vietnam
12026632,Vichede
59807494,Vohk
12553434,Vayk浪味仙
50615773,Vai
12027689,Veep Child
48723169,Vip314
50276129,VC.白弦
61568524,vincent.z
51251860,Vk饿皇Music
57223509,VIBEMAKER
46496077,Vic
14101634,VOGUE 5
12259376,Vaniah维
37255978,V7d
34635131,Vitus
12078190,VanKu杰
33203736,Voll
50522350,USA
34978249,VISattacking
51540114,Roselife
35359311,Villanelle
57428149,v是兔子wishtoday
49199549,VKERS
50017368,Vancouver Cloud Shop
51609700,VKS7
1058065,VILLAX
55151395,N0wadays现代
34326507,Vt.
52881160,Soda Mint
48995148,泉此方
53568920,Vio
12953116,vvciaga
32042739,威万V.vain
34922654,VVSGANG
60679517,空白音乐
14318919,VC°
12788409,Jeffreyyy.
36171774,东北YE2004
34467528,VANGUARD RECORDS
50255969,V DUGG
51002237,VRRRRR
54200880,Dreamer
34783306,酒酿大圆子
32912986,sorrowcape
34078076,VANTA万塔
51291246,VITOR戴维
56555642,Vboom！
30647119,Vanverse
51475730,Jesse.y.
15060284,VERY
14017812,Vito
36516628,Voco
57220233,VCN
31519492,Verse2.
35425699,Vanpen彭威
48541884,VVS MUSIC
33985146,Vin
5538,汪苏泷
47091532,王赫野
5379,韦礼安
5346,王力宏
13112601,Wiz_H张子豪
5424,韦雄
32399227,王巨星
12236125,王以太
5358,王杰
32571955,WiFi歪歪
1083118,王嘉尔
34357551,吴炳文
5354,伍佰
12904290,王恩信Est
5349,魏晨
36562889,吴垚滔
29069586,王小帅
12494240,王子明
12320060,王齐铭WatchMe
12787752,文夫
187229,吴青峰
33736021,WYAN王毓千
5347,汪峰
1039296,王朝
50131770,问就是黑化
5518,王铮亮
999220,王俊凯
5370,王栎鑫
13008205,吴子健REmi
33138919,吴大文
5568,Winky诗
34624664,王云宏
5427,王强
1047237,五音Jw
58737628,王只睿
12127740,王天阳
12091048,王泽科
13451881,王乐蔚
5520,王震
956386,王源
28083340,王北车
12462214,王鹤棣
48643904,Jerry1
56033687,07Kevin
60092418,Gulamjan abdukadir
1875,五月天 阿信
55788506,微醺大叔
1142011,王极
966016,吾恩
1213028,王搏
5350,吴克群
52479502,Dj文宇宇
5357,伍思凯
53159653,玩儿
35305089,WilB da water
12144105,魏大勋
12871618,王一博
36238768,WeiMUSIQUE
1058098,王晰
57537170,文韬
12038304,温政贤SeanWen
5360,吴宗宪
48274362,WGCG
30627660,王加一
59778892,指纹
5431,王绎龙
12122236,翁梓铭
12487017,魏巡
5359,巫启贤
13155607,亡海Aries
12139151,王瀚哲 (中国BOY)
52971875,谢随
1197082,文武贝
1158111,魏小然
15061152,我也想试试兔头
1023010,魏小涵
12641588,歪歪超
32439692,will逊
12193784,吴俊佑
5356,吴奇隆
5375,王梦麟
59627946,五十弦催人愁
32043441,万豹
34335955,雾明
30220836,王宗介
13058502,王子异
1151001,未来星B3Rich
12605278,wweimm微米
12488150,雾都L4WUDU
53095825,辉辉
61162334,伟神
49599681,Westa Key
33950025,王诗程
827615,王博文
51295375,无欢bu在
5620,王闻
51371014,汪涵
52813133,晚安
794040,W.K.
60883659,王冠
5781,薛之谦
5771,许嵩
47058186,小瑞
5929,徐良
5770,许巍
1197168,徐秉龙
31309410,XMASwu(吴骜)
12852319,小田音乐社
31310684,xxxmiracle
5768,萧敬腾
30616479,小咪
34035556,小乐哥（王唯乐）
847107,谢帝
5944,夏天Alex
12287129,小精灵
30646978,小包Zerinn
53161134,MAMUSUONA
1132127,萧忆情Alex
32244736,徐梓淳
1142042,徐梦圆
1046333,小少焱
5786,徐誉滕
31186562,小好14
5782,许冠杰
5773,谢霆锋
32430218,民浩
12357157,新秀
58795706,小京东
12450235,小来
1115075,西瓜JUN
49232811,xH2
59711226,小灿
61251522,小飞
1047088,小魂
1083049,夏小虎
5774,萧煌奇
5787,许志安
55523101,西木西木
33581921,陷阱表哥
1049020,谢旦
5767,谢天笑
12094099,徐真真
5997,小曲儿
60369665,雄少
54227092,LinFan林凡
13972109,肖战
61096585,DJR7
49844742,徐子未
52198614,TEXT
34579517,胥睿
1138004,晓月老板
33613493,小叶同学
31760809,向文涛
31366729,徐骁宇DEAN K
5793,小沈阳
12328079,余生
47467835,祥嘞嘞
1190143,许钧
12977618,小阿枫
57850241,先学自律
51853752,小陈哎
1124093,西奥Sio
33772751,许光汉
52404359,XyEscape
34196581,轩东
12133084,徐远书
12547195,XIKINIE
57598316,小天
12206205,夏之禹
5785,谢军
58911877,AI巷里老黄
57511863,小乐歌
53621224,Double X
813196,许镜清
12781308,小酷Coola
55085740,小皖
51498189,AixRich
50643319,队长的小斑鸠
50736487,小六的网易云、
5806,许绍洋
31010281,一宁
28066319,xohrataysa
51825564,把爱归于山海
37054259,豪五万
35083022,夕阳
61897726,小孩哥
53409241,soulmate
31796235,辛辛君
1160151,肖斯塔
1035021,许一鸣
12194600,小坠
57011496,DJ小浅
32541623,榭季生
12869694,霄磊
12219072,绪尘
5780,西皮士
12463279,肖和东
30129806,creamodd
56056564,凌晨一点的莱茵猫
5772,小柯
31376161,颜人中
6068,杨坤
49937403,烟(许佳豪)
1079074,余佳运
6066,杨宗纬
13899303,杨和苏KeyNG
33435854,要不要买菜
12037117,YOUNG
12448205,永彬Ryan.B
33885397,YELLOW黃宣
6075,庾澄庆
13058503,尤长靖
12287611,野生三十
58581295,尤宏
54678821,银河快递
27909602,姚六一
34050998,于佰万
12490553,YangYang
12923031,扬布拉德
54139978,于适
12083570,YKEY
1212038,oz
32187245,Y.Z.H于哲浩
12094419,羽肿
939088,易烊千玺
51829897,DJ与政
60685574,乐乐
14118414,好好（张轩睿）
27907744,YuGo
30395569,杨秋儒
33995948,Yaoanzhu
60344975,烟雨归尘
6070,游鸿明
6076,俞灏明
34375061,Youngior
28868804,寅子
12256364,Young 7
53932292,杨树人
36858194,叶凡凡
13000013,鱼骨妹
1021160,烟把儿
36030189,鱼多余
60461362,养乐多
12965683,YAC Belly
6085,阎维文
12441085,杨旭
12195296,YOUNG13DBABY
31569986,Yusup Sahra
6071,杨培安
6211,幼稚园杀手
12172071,亚森
57338277,杨郡安
6290,音频怪物
56882054,乐蝶
36722049,鱿籽酱
1050364,Yee
15060490,野区歌神
61535364,一诚
29831514,严浩翔
12158158,鱼头_killa4nia
13790637,岩贵
12009057,杨昔默
60883419,杨阳
956206,岳云鹏
6231,姚政
59579396,N$VD
46359311,于嘉懿
47971485,鸢北
31313408,野夫子
12259382,闫泽欢
6090,杨瑞代
32542069,Yaniuss
6208,炎亚纶
12203392,于治Ray-J
30710944,杨豪
12662696,瑀辰不嗣音
6126,余天
34248801,YiYi
50782777,最后一页
53181397,言司君
58694386,阳朔DJ-ZYH
55812413,Young7rouble
35082764,一支流年
32975110,YX
1047065,佑可猫
6091,宇桐非
37343079,YTH Chopie
58238992,芸风墨客
60645808,ycyccccc
12435001,Young Chill Z
51096182,DJ铁柱
6098,叶启田
31994412,因你而在的梦
52048730,优素Yusuf
30534222,伊赫
4621,闫东炜
53460975,yusupjan abla
6092,亚东
56507127,言泽宇（虚拟歌手）
31320616,音速行星
6472,张杰
29051613,郑润泽
6452,周杰伦
1030001,周深
6731,赵雷
37123911,Zy
6460,张学友
6454,张信哲
6652,周传雄
980025,周兴哲
6479,周柏豪
6453,张震岳
6457,张国荣
6462,张敬轩
6469,张宇
6456,周华健
33371675,张天枢
13906123,张紫豪
6473,郑中基
47192128,早安
1038040,赵紫骅
1047015,张艺兴
32066228,张家旺
6458,郑钧
13447522,冯子晨
33850620,周公
6468,郑智化
53721879,执剑稳
6459,张雨生
6491,郑伊健
10695,张远
12319226,张鑫
34515052,知晏
50610516,周政
6487,张智霖
6495,钟镇涛
14930036,卓沅
53429107,朱旭BooBoo
12138252,张雪飞
6480,张栋梁
52586568,DJ-Sean
6470,郑源
990177,赵海洋
12052034,昼夜
47017837,周柯宇
12057021,朱彦安
6463,赵传
33914460,Zzh
46332130,朱添泽
53460353,阿衡
6681,张翰
12002056,张小九
33067587,ZAVIS
30956392,泽国同学
50829930,邹某人
46361128,赵俊飞
34637934,张鼎
34494373,泽源屿
12787662,赵磊
58562689,zr不emo
34563784,庄淇文(29#)
6697,张淇
30703119,郑浩Z-Hao
46827935,张大帅
34659476,涛
13972443,泽亦龙
6483,赵鹏
33603866,赵大鼾
61328700,赵太阳
1032247,赵钶
171008,朱梓骁
166016,张赫煊
30449226,张真源
61870479,Zyboy
32542861,迦勒
55086165,再看看其他人
6464,张卫健
6891,赵英俊
1132738,张磊
1085116,张希
820123,曾子岚
35190444,曾抖抖
12304366,张天奕ZTYick
6729,赵照
6498,郑少秋
12120150,朱星杰
48987999,Santino 桑提诺
15200968,谢子通
6730,周汤豪
1146108,朱贺
12008056,曾舜晞
28390346,赵政豪
28632557,张星特
12117068,張子铭
33020756,周森
33915432,钟棋煜
6501,张明敏
32676034,ZHANG JUN（张俊）
1194065,醉雪
13795045,郑杰伦
12227865,阿YueYue
13145036,傲七爷
768208,AGA
7122,阿肆
33230219,阿梨粤
188558,Aki阿杰
12258420,AY楊佬叁
1049681,阿细
32959015,阿达娃
7100,阿悄
34827063,AKA_wen酱
58678564,DJ铁柱
167006,艾怡良
34796357,安崎
60500024,Amy回头看
48637040,Allmira
12184145,Akie秋绘
50133838,Aliya-Wahap
33115194,阿林
34418405,Aliya Mamut
12170037,安溥 anpu
32289478,Ayi
7076,阿兰
12545667,安安
29023650,阿鸣
60844371,上好佳
46312481,爱唱歌的朋友呀
52113027,Alice Perry
60842049,阿悦
12133059,哀四杏
7067,安又琪
60913594,Aynur-Rozi
30000310,Asia D
36778240,艾北
58320696,Ananda Ayu Lestari
7065,阿朵
52402601,阿霞
7095,阿鲁阿卓
46270016,Adila Sidik
7064,阿雅
57698055,爱吃蛋糕的猫
49407079,August
55602169,Ameme
47200187,小7
34540447,阿扣叩叩
12090100,阿爆
7138,安九
12434960,Ayu语淇
58346734,星子
61492193,Amy
30707272,阿七本七
13610051,Abudu-Music
51783799,Aismu
36292042,Au
12156061,AKEN
33909233,会破碎会想你
53581783,Ada
12199577,阿颖不说话
46287961,艾薇
34894842,愛与紀元
47695009,Amireux
12120700,AUZ
59885705,阿悠
54380983,叶湘伦
58959703,艾北北
48353102,Almi-义
13523532,阿荛
59019967,爱豆LONG
60500837,按时长大吖
49815369,amina ahmat
57186631,安然是只猪
34465695,哎鸭芝士没了
7061,阿桑
32827061,ALOW三多
12156096,阿铭
34054594,阿骦As.
47062118,阿宣Axan
12284179,阿米丢丢
12461466,阿桐木同
53704457,阿嗲很夸张
53462267,爱跑调的小不点
32562836,傲寒同学
15062656,哎哟蔚蔚
7074,安琪
30216608,AFA
60912111,爱你终老
32828242,阿梓
33574298,DLSS.E4S
48264972,ARZV
33583989,Amber
61033838,艾瑞思
12037079,昂萨
37503583,阿黎Yuri
12287013,Aster阿斯特
1073068,阿木宇梅
46698678,阿也
27869570,阿琳Arlene
32424155,陶薏点
47249138,安妮-上海
36181946,不是花火呀
37616858,Bell玲惠
30955486,Bo Peep
961358,不才
7169,比莉
12120174,Biscuits
12603258,白鹿
61309087,DJ阿崎Remix
31662039,闭文思
34894393,爆裂菊是也
60998942,Benatora
33820047,白允y
34204446,Bethybai
49301899,BAE
12853998,别网恋
51868003,白盏糖糖
59876970,白允
29265678,不蓝
7200,本兮
49503777,恒星
48513018,贝卡
55226894,baifm
60609014,期待
36455854,BOZER
55519485,单循
894035,Britneylee小暖
34339501,北田共
12373146,菠萝赛东
28868296,是阿瑶吖
53704772,画个缘
7192,白安
52406261,jade
31162354,郭文琳
33356479,班措
51444567,AA
51138607,葭妧
57698129,不想情绪化
13699496,不是黑籽儿
7159,白雪
34422346,叶晞源
32500554,庯川芁一
56327802,不败女神
34539310,贝贝帅
31356031,北宸
784452,Bae 林采欣
33390825,被遗忘者的哀伤
12103042,包包.suyi
55168960,白青青
37133326,Evol M
34361792,补菜Nveg
36147357,不要玫瑰
47467583,宝藏girl_栀海
36864988,冷雨凝
12286063,不馋
31148789,冰雪姐妹
55389725,南山情诗
33289129,边靖婷
7162,本多RuRu
52060002,ANLE
57632186,半根萝卜
30004655,白白白白柒
54548070,顾子欣
55668841,BBerryZ.
31317683,唱歌废物
50499001,蓓蓓
34825527,Brando
31439421,饼饼Causa
33859929,Bumaryam-Hasan
30545802,布纳纳
12200907,BAMBOO李歆竹
886208,毕夏
58797175,冰洁
52155355,Kyomeki
56802146,冰雪彗星
57719379,半岛茶
51853921,吴晓萌
46510800,BLINKYO
12227295,白姬eternity
53643164,BeautyZ
33030572,北歌
61783393,悲伤剧情
12236017,布丁丁
46396239,binbin
51428273,bobo
51743651,焦虑又沉稳的麋鹿
979080,拜尔娜
28869551,白青
11973040,冰冰超人
47131461,Wan秋.
7175,巴哈尔古丽
57782394,罪生花
34172934,baby blue
34491100,变色喵IAN
48639878,BERTHILLON
28182645,冰镇豆沙君
36124807,白浅熙想嫁给周深.
7158,包美圣
7157,巴奈
54827579,心境
36028162,不侵
7214,蔡健雅
7219,蔡依林
1007170,陈粒
7424,程响
7217,陈绮贞
7225,陈慧娴
12789956,陈婧霏
12077204,陈壹千
56606315,未来富婆
7235,陈慧琳
51560864,葱香科学家（王悠然）
36775590,池鱼
7409,岑宁儿
7220,蔡琴
31802946,程佳佳
12382970,陈雪凝
37094435,陈奕楠
7224,陈淑桦
49046111,陈觅Lynne
7244,陈洁丽
7439,陈洁仪
1003026,茶理理
54295393,童童只会嘤嘤
7227,蔡卓妍
1032275,陈冰
36927272,Cloud9
7215,曹方
12473800,超级橘子Orange
31090384,陈老兮
27692716,陈昊宇
27871683,草食考拉
31964717,锤娜丽莎
1172029,池年
189347,CRITTY
12553814,蔡恩雨
47248112,川青
7228,陈瑞
7221,蔡淳佳
12074302,崔迪
7233,陈明
27730458,橙汁
13046127,陈忻玥
34324924,尘ah.
12382064,陳梦嘉
56056975,雯到你心
7486,陈僖仪
973004,程璧
7647,陈嘉桦
12062098,丛琳潼elf
7346,陈小云
7264,陈雅雯
34876884,陳嫺靜
50720292,蔡宥绮
7366,陈思宇
61014735,橙小宥
223976,陈蕾
7419,崔天琪
7481,崔子格
37678181,赤羽
56975288,陈水若（虚拟歌手）
47061828,陈子晴
7379,常艾非
31155452,陈丽君
28303284,陈小满阿
12227509,程嘉敏
7266,陈苑淇
30701997,陈恬
46962342,cherrymint
34494992,Chency
37191275,胡什么怼怼
7408,曹雅雯
12600046,陈文非
7461,陈力
7216,陈珊妮
13103035,灿烂
12475600,陈墨一
7371,曹芙嘉
31163114,陈慧颖
7265,陈洁灵
861203,陈小熊
54392917,Cecilia Cheung
29069876,伊枝居0_o
12797139,陈恒媛
1079020,凑诗
52979318,Cathy月月
10902,陈拾月（只有影子）
951001,陈梓童
7298,陈晓琪
46954396,Cheers
36022403,纯一
12205212,池绛不吃姜
7395,蔡文静
7242,常静
7399,陈娟儿
7245,蔡诗芸
7248,蔡秋凤
7237,蔡幸娟
58109507,吃可爱长大
7236,陈明真
7286,车婉婉
59685345,DJ小美
7570,邓丽君
7535,戴佩妮
7534,丁当
12937171,庄东茹（豆芽鱼）
33735716,大籽
56856041,GTR7
30285885,等什么君(邓寓君)
12867228,戴羽彤
7537,邓丽欣
7538,戴爱玲
181007,窦靖童
34760022,Dahl_
12206844,丁芙妮
33072389,Dove鸽子
34855685,蛋姐
33571810,用户 1300324957
59508523,Best电音
29026799,多多poi
59398056,tttafari
12094290,D.Mao
28389406,段奥娟
31001495,银木铃子
58251323,地狱把妹王
32613382,豆花
30107642,丁倩倩
10711,邓瑞霞
32048356,dollyy99
61889238,DJ婷婷
7591,杜婧荧
12226971,朵蜜天女JOY
7543,丁文琪
59822722,呆西
7541,董真
7548,邓颖芝
33702849,大牛
52246121,弹棉花的小花
53645383,DJ阿婷
30128954,道力格扬
34349114,DaHua
54411398,戴睿
49009551,杜小灶
60743859,打工人
36621761,DJ婷姐
60881828,刀刀
12158062,代诗琪
34158707,毒药
34497412,答辣TaRa
47371825,die for love
60001491,丁芙昵
60389057,DJ小宝
7600,邓福如 AFÜ
12256483,DaisyCream
28186342,大柯
32549343,邓园长
7544,董文华
31962014,Dulcim_嘟
13226626,Dizzy Dizzo
61681200,登真尼珍
48277682,DJBAYWAZ
56074371,亚聪Remix
166033,丁丁
12084078,嘟比Dubi
7620,段丽阳
34150131,獨立小橋風滿秀
33910503,Dilbar Ababekri
33314095,DIXXYU
12284199,灯芒
12003141,黛米Dem1Fei
61731665,多魚吖
61382587,大刘
51968205,带着钢琴去旅行
7550,戴梦梦
7542,戴娆
7539,黛青塔娜
33913096,许和子
12084525,大笑
60487342,大力娜Nana
59234565,i1u
7540,德德玛
12078145,朵芊
30476371,DAMiao
12917103,戴燕妮
34269908,大家D朋友
33048257,DeeZoo
12079106,东京塔子
47111149,刀小刀
29397692,迪丽娜尔
12900544,窦佳嫄
14019850,德格达拥
7592,邓涛
12512089,丹戈尔
13642178,大神慧
51994810,待宰的羔羊x
33800382,都叫我芹菜
33820476,DADOLL
999451,DJ Soviet
12977069,董姿彦
168016,大山
50114356,章熙梦Dream
12923493,二胖u（王訫）
12327114,Ecrolyn
9962,elephant DEE 徐熙娣
12204053,EnjiA (魏恩佳)
12452989,Eq7i
32747902,耳朵玥
1081635,二珂
34600993,Ellie方紫薇
30790814,Edine
52472969,心好冰冷
48990936,ERIS
32436147,Echo-L
12184313,耳朵叫不醒
34500648,二晗
12976783,二嘉
60993602,二毛
36078069,Echo肉丸
33441050,echo俊儿
12968708,向葵Elodie
34826913,琛
13037895,EinWil
61290985,Elody
12037036,恩雅NYA
59944814,二魚
60926428,尔玛娜依扎
12099057,贰九九
60109153,恶灵remix
32574494,二爻
61003255,耳东Ooooo
12156206,二青
12046954,ERIKA
52897712,MOE
50740226,Elhar
51532490,Eleanor Chung
32786812,鱼好好
33101366,Emily酱
34358041,贰鸭
57604728,月光散了
54683505,ELONu.Music
46827964,二黎
36704131,Euirin攸攸
34423403,Elin610
46777884,清蒸鱼
60757085,二胖会发彩
29397409,ek
53216591,ED
31565042,Lov1yy
60890583,恩嘛鱼儿
27862793,贰茉EMO
13701829,二丁
34663337,二粒
12288086,embrace.
61136345,甜心
34294624,二月弦
58389322,耳朵便力店
30780488,Eiyi
35176298,EdSheerancj
47607342,丁欣睿Echo
59531916,恶魔团
31570153,Emily-xin
46271468,Ericaca99
49190615,EUDA
37585771,纨绔子-
31062121,王玥垚
55577807,Eviraaa
34920528,恩星
30132795,Emiya G
37056499,二七eqq
12497468,二毛ERMAO
50522549,Eureka真恩
48038707,Ezhar_上海
37184708,洛夏
33693590,诶嘿reiko
34468533,兜
12552425,Even仇依文
34512534,Emmabrella
53598252,Eliauk
12224018,erdanBiu
31058901,Echotower
52232147,TIANY_F
51280196,Elyn
61824261,哦好的
51351722,二黑黑
12067073,庄锭欣 ELKIE
54377686,俄娜珍
55610076,尔尔儿
47307070,二十三
49811467,Esir.
33850642,Echo-白璟然
36179841,echolovisssforever
48632038,Elvira麽麽
60092572,ever ll
48770554,ENO祁瀚七
36283343,恩昔
28602238,Emily_halo
47694846,44
34437321,E1even
12270158,二胡妹
50206757,Esil-kuylar
12133173,煜璇
12172529,封茗囧菌
37060073,范倪Liu
35309151,粉太狼
7652,范玮琪
33202309,冯泳
7662,范晓萱
34613873,傅如乔
29562931,范芽芽
12173126,浮生梦tuzi
34097025,F*yy
7651,冯曦妤
33796125,肥振华
12039128,肥皂菌丨珉珉的猫咪丨
7667,凤飞飞
12084330,风小筝
12147185,冯心怡
12194080,方拾贰（方十二）
12107534,冯提莫
7730,绯村柯北
57833108,非菲公主
35294117,方沁
61322695,风林者
7680,樊桐舟
58755296,菲菲主公
7668,方皓玟
7653,傅颖
12227492,Felicia蔡菲凡
58071196,于是天气刚好
58688197,菲菲公主.
30292529,方南晴
30107795,菲儿
47694624,菲利丝PHY
7654,方季惟
797269,方糖泡泡
55041307,枫尚
27692352,傅菁
58453557,Fontaine
48858884,赋生
53849522,费戚戚
54985620,非凡艺术
34171864,茯苓
50999667,新锐Sinreal
12195835,绯歌
12271683,凡仔
7658,范文芳
12205939,妃墨
35026656,凡清（Fanish）
27728251,FYNial
61463328,Faaaa
52169929,把猫叫醒
7657,傅佩嘉
12782784,Fyn江眠
47606568,F.s
7713,樊竹青
7675,方芳
51255330,福妖(吴湘)
7665,付娜
30546301,FreeC
58711385,非非公主
51138547,冯思婷
31220269,番番
12147214,Fancy
12406862,范茹
1183087,凡以三
28869854,绯绝
13866011,风范
33905805,傅梦彤
12057047,符白牙
33850548,绯颜
56302582,付子沫
47248946,Fatima_tuhti
7705,付梦妮
33506421,Flavia
60663571,墨YanYan
59863828,肥婆
50597400,饭角
48770295,凤城
12256704,霏若若
46390769,风沐焉
7709,范琳琳
33546498,冯希瑶
31441780,付小远
59616297,芳井木
15196131,FI鳗鱼同学
37342671,放松轻音乐
52972789,风香
51694655,热寂HDRecords
54651738,沨漪
11974075,冯佳琪
28293747,覆予
31064222,樊梓妍
57093684,方凌儿
57599182,FINAL_SWOLLOW
7711,傅健颖
7738,Finale
1132405,方圆
61682627,费蒙特
33900367,Fareeda
33812221,菲梵小歌手
7704,冯博娟
7763,G.E.M.邓紫棋
33850806,高睿
7762,郭采洁
12936258,果妹
7760,郭静
32829923,高鱼
58477775,怪枝（虚拟歌手）
7768,关淑怡
7785,龚琳娜
51953770,高杰杰杰杰
7837,龚芝怡
7777,高胜美
7834,格格
7780,官恩娜
816358,高姗
58851914,怪阿姨
56816504,Gumperti
7864,关诗敏
30702017,GG啵！
12186013,桂莹莹
12116169,甘璐
28390322,郭沁
59875935,格雷西西
7779,高慧君
14017398,Gifty
28872996,龚芝怡
51929540,科科爆
1213008,龚子婕JessieG
12463280,高誉容
7794,古倩敏
7783,郭美美
35517812,国风引力
31057547,归期Tanya
7126,高维那
58247914,怪啊姨
7767,关心妍
986035,葛雨晴
7824,郭书瑶
7807,甘萍
52473144,该月亮心动了
30904449,古琴白无瑕
7772,郭易
7781,郭兰英
12359229,GloomyAngel 陈希桐
7771,龚玥
7378,郭燕
12606352,管莫书
33027236,戈桑玛
12097107,郭宴
29596157,歌手Ada
37190358,郭欣渝
53868797,王吉莎Githa
51020749,怪阿姨
8320,葛仲珊
1197167,Pariza-Litip
48814136,Guhar Huxur
29033124,格雷西西西
12444269,高源
61496394,girl
50293121,Glocken
7789,顾莉雅
47306747,高依朵
31956953,高可意
34442359,失效药
7843,谷建芬
61386460,郭碧婷
1061047,过又嘉
31336401,干净
55169521,Gulyar Yakup-古丽亚尔·牙合甫歌手
56740633,郭莉
1150075,关晓彤
58872635,怪豆儿
60915224,关根5
28103266,郭心雨
28420086,Gfanfan
7866,龚淑均
29938239,龟龟龟
7764,关牧村
7845,郭玲
53288900,皮皮果er
59602050,장우흔
12118660,龟娘
31850534,Gunz4Hire
1049988,郭柯宇
50931778,Guzalay Tohti
28863179,果酱
34272253,岗嘎措
47895424,厚土小姐
7773,关菊英
34361454,公孙文
56758035,苏妤妍
36291142,罗语菲
53225946,鬼鬼
34500734,丐浇饭
36402178,Gulbahar Rozi
57871734,尕松求措
12436072,龚爽
792131,鬼月
55963139,龚莉
30292411,Gulbahar Anwar
12358435,很美味
8089,洪佩瑜
8103,花粥
7891,韩红
12308369,黄诗扶
7907,何洁
7890,黄龄
7946,黄绮珊
14077324,黄霄雲
33233126,Hattie海婷
8022,何曼婷
1049179,Hanser
34522800,火羊瞌睡了
7896,黄小琥
12947071,胡66
14885023,花玲
33545743,洪一诺
7898,HITA
1021056,胡杨林
12664848,火晚晴
12406501,贺子玲
7894,韩雪
7965,黄奕
7912,韩宝仪
14099603,花姐
54124546,花花兔
7903,黄莺莺
59566111,雨
7901,黄雅莉
31891427,黄静美
55014994,化红
32570454,坏特 ?te
60520704,海岛甜心
27693474,火箭少女101
805488,胡莎莎
7897,黄淑惠
7893,黄韵玲
8029,洪辰
46387486,何畅（虚拟歌手）
7929,黄嘉千
7916,胡蓓蔚
7935,黄伊汶
12194463,画久
51638556,此去经年
32008746,哨孟定KhamEi
52099308,秋天烦
7920,何璐
34538450,哈利Halleeee
34540410,知心
8017,胡芳芳
59660733,CaT
49354030,韩雨孜
32500954,霍含蕾Rea
12360098,Hero-R
12539092,何杰玲
34050508,化十
53545526,鞠橘络
7905,韩晶
52681300,萧容鱼
7944,胡雯
32974232,寒柴
51789777,小缓
32621386,韩甜甜
47125630,黑铱BlackIris
35423700,花飞飞
37098368,欢脱的小水母
31081884,好多倩
12070065,火西肆
12434635,米糖音乐
31162547,花柒
13151073,浣语
8009,黄灿
7964,杭天琪
36392343,何小椰
52050882,幻想少女
12873194,换你一包薯条
12065119,贺三
35244054,黑芝烧
50765576,Hatima-Ablimit
12434679,何以啊
13227448,何美延HAMY
51472529,红红肖
32712255,韩小九
12383659,黑猫
60369852,筱鬍
12675131,黄妍
49470180,海尾巴
7993,海楠
33033230,韩尚霏
8006,黄英
30285459,陈玉萍
12320646,含可爱多
34736723,黄玮昕 (Haezee)
37592260,禾青
47841055,何村猪
58030287,Halida Imam
37632161,黄尧
7972,衡越
34490411,黄乙纳Keyna
12291154,Himawari
34965709,InnerSa
51090077,一块淤青
53623406,Alison秋旭
1047209,IRiS七叶
30602367,ISYUL
34830330,Ickiara
61077841,ILLIIT.
46778024,ii野鹿
28867788,廖智慧
12275356,Icey
51955495,Ipar-Mamat本人
13537270,IslandWind
12610227,Insano
12259015,InusI
61767876,Iris
48194732,IMONTHEISLAND
34291333,loveeee
12275828,Pauu
34321830,iii
32265189,i御十二
34371563,Iris
53463574,Issac
32758594,InkLeona
49609008,inin隐隐
53410348,Iridescentyyy
36293317,iice
54369878,ibiza
46276243,Iris
55257791,ii旺仔是甜的
12118507,零加(Ice·沫子)
12490380,I-zony
32675955,IRENIE
53239041,immy_伊
36514141,ImEon
60517482,ikasdnas
46672853,Iaimchen
34399505,Ice陈柔冰
37503372,IBING-阿冰
33511920,WON
54795397,Illustrataro
36703588,SUWINNCE
51255623,Meg 李季囡
59079491,irabo
34437062,Icey.
47721754,Ina Lin
36513191,ikk7
12729692,Ibiza
59235628,distress
34909004,itsyunnn
32430924,icerain
33204459,icey千树
52252824,Is
33909543,生命之泉
36707155,iSheepy
52119366,iiiis
31092754,imttjj
35138702,虚网
32888298,Ice Queen
12200071,INYA
56843932,ICEYURWIFEY
46389505,Itis宁言
48045911,IKALRE
53561508,Ingya
35008436,iamamui
33782069,Ito猫比
34532568,Ivy Shen
58930499,IIAMGOODGIRL(疯狂暗示)
34204493,iceurey
55451032,贾斯钉
50976144,谢伊烑
12924332,Ivy文艺
52815197,itsevahere
990277,Iven
33341716,ID胖墩的墩儿
34376964,illu
32935048,Infinite
59689692,IX YU
53721089,Iris Deng
28291318,Irina66
34828154,Irene
57478297,i了了
12623034,iyo夏之
54851935,我的杯子去哪了
12280485,inin
47300763,inoue korehisa
60390364,Vico
54271955,Dt in the house
52798231,DJ-IU
46628061,iis苏子
33126478,INFI
52403698,iamdawn
31764276,ivy百慕大
52355957,Mx.AsuraTian
61451924,i7暖暖
50493210,INTJw
59549554,ice阔落落
53177516,iumandy
33949466,innav
50735291,INKO
49234748,ills
166018,吉克隽逸
690001,家家
8153,江语晨
37540088,蒋小呢
893259,金玟岐
8151,金海心
55066357,江楠江楠_
8234,蒋雪儿
31148973,王唯一（九姨太）
12277185,锦零
8259,金莎
1071031,Jam
31155300,Joysaaaa
12258990,嘉滢
12373153,金渔
30223511,暴躁鸡汤
8163,江蕙
1032298,鞠婧祎
12347360,JC 陈咏桐
8147,江美琪
32241534,井迪
12262634,季彦霖
48922363,Jale
49600052,姜姜
54453497,电子恋人
8220,江映蓉
32007801,九三
49981063,JINNER阿今
52057524,季玉和
12204930,椒椒JMJ
8229,王灏儿
59267159,井迪
13699648,姜沉鱼
54481656,九小姐
1047362,九渊（吴钰霞）
8170,江珊
30959203,江意间
8162,金池
952093,贾玲
58108623,近我者甜
12578371,金天
59284275,FLYSBR
58109541,芥末泡芙
28291349,佳er
12355697,金品妍
31469442,JACE 陈凯咏
12291690,夹＿zZ
51853892,兮音
12906625,姜没
8332,降央卓玛
1066136,JUSF周存
61449149,鲸鱼i
58698538,姜小小
1097156,JUDE曾若华
30292737,锦瑟
8281,金南玲
55596798,JoYaaa
50925328,金文雅
46767202,jos10
12130015,蒋一侨
15021242,叫宝宝
58108554,夹心糯米团
34317865,酒禾.
9154,瞿颖
47534712,橘猫烧鲷鱼
57001323,Jessie熙熙
58843875,卷耳er
54956154,佳佳
56281593,机灵姐
12609574,Jannie Kyo
47188919,蒋芸
32052796,姜雨涵
36342220,金新菲
8210,景甜
46509124,竟然这么可爱
12291207,金渽耶
34396233,君若琳
33850865,Jac
12868912,江苹果
1108099,Julia Wu
46544276,江肆纨
12174386,九玖橙儿
34796494,金子涵
12394084,金帅
13058516,江疏影
47702398,Joy
49599382,佳Jia
32079137,就是哈比
12415091,Jinx周
31659182,July-七七
12084397,江离
13198341,珺锦Queena
12361498,Jayx
13909707,吉蓓Peggy
33752031,金喵儿
31058476,靓声
8164,蒋丽萍
58842306,进入猫次元
50911772,Jaime Cheung
33041856,RichDD
50275485,KKECHO
12499721,Kirsty刘瑾睿
33927385,卡捷琳娜（凯丽）
12003038,凯瑟喵
14018235,Kyra Zilver
8304,邝美云
36624209,kiya
29588256,KeyKey
14472821,Kiri T
58998190,SHEN TU
12194916,kidult.
60930731,给她幸福
60001092,卡芙卡
53336851,咖菲
12156273,酷癌KooEye
60002337,困困了鱼
49688114,kattie凯欣
12410180,昆玉
8291,侃侃
35729874,Kurama
60687471,koakuma
49144515,布理理
33202342,Kim.T
48678266,Kiana
12215179,Kenny Saxton
189833,可歆
49086171,kellomiii
35424934,KokonAngel
33204491,凯乐Kailer
34915185,FFaan
8298,柯以敏
15063419,阔落
52405056,困困猪啊
1047179,括号君
12265655,Kyu烤鱼
52505270,Kaliee
12317681,卡西恩Cacien
28300922,kie音乐
34248356,kana...suki!!·°✧
12285557,Kinoko蘑菇
60450408,侃童Norbu
34797775,Keiko可口
12226365,KasaYAYA
47893408,周子涵
49194514,沧音Kirarin
54063638,Kiiiu_
12346106,K.A咔咔
47755616,可爱
50784488,Kayan9896
59659750,koop
30134944,克丽斯
55418960,VirPe3
37621459,KURO
59549750,康吉措
29741195,阚清子
29238347,康妮
59550886,KING
36129986,Hazel
13110849,Karencici
48922857,Kokoro-Igusa
30648474,可能是雨雨
12788519,kyuu
54708056,可可樱樱
33020656,咖喱盖盖
54712125,开心蛙蛙
33781777,坤坤阿
13449811,卡门
53946470,睏意
12025179,颗粒
53622699,可诗MAX
51784601,可以亲吻你的手背吗
46325856,库妮珂
60450541,可不可爱
12537403,K.ila
34202772,Killed by Moy
50503826,卡带林
12371554,Kitmon
57217567,琥珀音乐工作室
28868649,Kundie
12276986,Keega
32828490,咖菲
29865172,孔雪儿
54626248,柯鱼鸡
34918896,可c
33045547,Karin临音
32897542,KUKIKO
48676229,卡布奇诺
12605253,Kooriiii
12198618,葵罗
12204601,Kinny小金
8312,孔莹
55488579,困
61359049,Koi 御野
48638263,云鸢浅浅
56483301,可可西里
31672818,孔艺弦
34797853,Kat秦楚骐
12025504,KANATA雪
48643228,K.C
60661797,King熊熊
29588305,刘大拿
8329,梁咏琪
35136304,卢卢快闭嘴
8325,梁静茹
49144727,王宇宙Leto
33259235,梨冻紧
8336,林忆莲
8326,刘若英
30207301,蓝心羽
1172023,刘至佳
8334,刘惜君
8335,林依晨
32952522,梁爽凉爽
8353,李翊君
840134,刘瑞琦
13113858,林宝馨
906118,洛天依Official
1155027,蜡笔小心
12405153,路飞文
12205120,洛尘鞅_
8331,李玟
8327,李宇春
28066477,澪恩Seiwen
8330,卢巧音
1047282,泠鸢yousa
32899709,梨笑笑
49456333,ok绷
8753,李佳薇
1124151,刘柏辛Lexie
46424022,兰音Reine
8851,刘美麟
8469,雷佳
8627,罗震环
8665,连诗雅
28899411,刘人语
12532695,李莎旻子
28304831,吕口口
32465968,Lorien
12541056,泠风
704004,刘涛
52735632,*^No1zz_
55658763,龙猫
1081293,李嘉格
8391,刘小慧
8653,李幸倪
34330156,李浩然
12195034,李尧音
59655434,洛天依
8377,李雅微
8354,林慧萍
1198113,李上安
34150014,L1VET..
8648,刘忻
58238109,李小酷
31162519,LuluSweety
12996503,李昕融
30406251,赖美云
8345,李丽芬
57338892,绪花
8378,李玲玉
33810990,林怡婕
28900376,刘乐瑶
58919229,侣口口
8725,林欣彤
8358,黎瑞恩
59644253,林三柒
8677,梁心颐
8366,林志美
61784721,Lil Ye
33907588,李俊
12093511,李OK
12235307,小琦配猪YooGi
12120088,李佳思
58964299,X.Y.W
1137391,雷雨心
53561843,小俊
12038016,李瑨瑶
53743652,林初初
8344,刘沁
8324,李慧珍
61381966,卢卢
918054,刘珂矣
29596036,李如意
28187983,恋音
34283831,陆怡雯
8348,李心洁
8463,林帆
8434,雷婷
36456748,来自阿曼
59793513,流浪声乐生
59563060,林三七.
58963120,林小坷
27865613,琉焉
32511011,蓝兰
8333,林晓培
8416,李殊
34660211,Leehom_yoyo
8368,路嘉欣
12226679,林梦宸
8350,林凡
8926,莫文蔚
12085562,买辣椒也用券
35882063,美 梦 领 取 屋
12091129,孟慧圆
8982,马吟吟
9039,梦然
12373281,喵☆酱
12965411,我只吃晚饭_李雨霏
46420175,M.R.Y麦尔彦
8918,梅艳芳
8921,毛阿敏
59549887,梅梅犬
12275337,MoreanP
12037229,木小雅
29938255,Mayira Alim
12444171,棉子
8922,孟庭苇
29488421,马伊琍
33211722,牟凡
1049539,莫诗旎
34290841,马越敏
8997,慕容晓晓
9026,冥月
8930,Maria Cordero
12769394,木秦
31004642,麦吉_Maggie
649505,孟佳
53620791,我带你走过春夏秋冬
34307676,迷人耗子精
55256785,沐霏
33876611,明歆悦
12288688,麦小兜
51619624,ramila
59023243,Dybbukk
36180611,moon tang
8916,莫艳琳
31003678,MappleZS
33420520,Maria苗睿婷
49510414,一闰月隐RyIn.
12868126,梦涵
8979,麦家瑜
37342402,Madina Mamatjan
53462571,mxw.
27730160,苗田雨
48901674,明月社
12172636,Metablue赛博蓝
33821053,抿抿甜
33576005,沐灵仙
8920,马郁
12027415,Mukyo木西
32208271,猫瑾
61501584,MoonJellies
46963211,沐柚
47193271,毛毛不插电
33426043,陌雪
1048043,梦洛伊
30795620,马沫涵
12442955,Mochoc
31093827,MayPiano
13151821,MAD
30956397,陌九
47973106,万俟清商
48349243,Mihh-迷
33262021,慕芊壹
28602869,木筏
47523304,Mussic
61308313,Mia
48357207,米热
60501383,莫文尉
8934,曼丽
34390715,ms吗
13449678,魅子
12471491,漫夜星
12098023,孟美岐
54318093,MC脏脏
46545183,抹茶茶子cha
13972281,马马
32989326,MisssszDy
31165411,Spica星颜
49281388,咩栗
31250715,Mahire Teliwaldi
34497829,盛姝
8935,莫尔根
37511789,莫舒雯
8925,米线
13197379,沐虮
12112270,米白
28432007,Miya敏滢
50274644,闻鑫瑶
52509374,明天会更好
32952553,猫咪不爱吃鱼耶
54170823,穆桂英
50735447,Malikam-Mahat
34373778,慕辰倾心
31958891,莫叫姐姐
12258081,木子琪pixar
12338324,米拉MilaX
28175517,毛省曈
12634082,毛晓彤
49135476,陌翎
9061,那英
12276375,NINEONE#乃万
60366336,黏苞米糊糊（pay姐）
48497149,柠安
32042995,糯米Nomi
31990599,你的九儿
52281531,依邦妮
54743524,那艺娜
60663826,娜菲萨
59455549,喵叽
33017114,Nicky尼基
28602559,NanNan--
46903836,NINGNING
47196719,柠柠柠奈
9066,南妮
12308157,牛佳钰
12140348,倪莫问
12259618,凝羽
50271712,被爱日记ᜊ
47914577,纳兰慧心
12308136,纳豆nado
34787797,棠若
58226906,Nurjahan
52975644,7N-102
35120612,Nene郑乃馨
47062376,南栖
34466666,你与六便士
55951442,你的欲梦
55518839,Nancy Kwai
31097027,诺鸽鸽
34361335,南悦萝卜
57718429,南风知我意
53644047,难桃
34497654,你想吃什么饭
36029641,Nemokii
33298660,No Birthday
12085330,南偿
31156285,娜美
12193836,南措
54093170,Syla
61716612,念初
32892945,南清Rreq
54320112,你头发乱了喔
33460486,你的星冰乐
12235406,Nyx_R
50736192,南国猫觅海
52347891,奶思兔米鱿
34365448,Nigara Tursun
51575449,娜依
49803479,娜娜吖
61655803,肖小丽
36451281,Nndrea
34335649,Nada_韩璧彤
12092235,Nanyee.
57402075,Nini Kaelyn
59774811,优乐美
52874745,鳥之詩
34438544,Neon卫柏
54212149,风南伊
46275085,Niko
49456714,Nover
687013,聂薇
59754166,凝音
55955379,倪可
33400898,聂香_Yuki
61046522,呢哈啦
50928784,Abby
53096448,双面娇
12797149,南语
12198934,南岐
30940203,暖暖
47063201,南葵
34489400,Ncha
60126290,奈川崎
55788992,Nadira-Yusup
12303384,奶叔SHu
56120483,奶牛晕船
33102908,奶油
12265564,納蘭落雪
12471613,牛欣欣
14114694,nidex
49400994,南柒夏
35078058,周周c
9081,宁静
46416598,你的周周
14318770,miraG17
1089157,柠露
53720443,云三
60864976,念念
32857728,暖树
33985195,南案
12266167,Nanaka
29357236,匿名情书
60167031,那那那
34078081,南允
35248138,南思鸭
47192974,NoName
52147365,NIGAR_HOUSE
30216987,南曼玉
36930199,宁玹
13451731,欧阳耀莹
1087140,欧阳娜娜
9090,区文诗
9094,Olivia Ong
48199622,欧阳曼曼
34864388,欧阳冰凉
9103,欧阳菲菲
46669389,Orlin澳琳
61338909,oo酱
32519509,欧智卓玛
32712837,Orange刺猬
33397967,欧阳朵
48203955,obsivia
47352049,Obsessionodengdeng_
50059248,O.TREE
33710072,ONE STEP
49788670,区子琳
33937146,OK啊
34747938,欧奈SUN
61137978,o泡果奶_
12266666,谁よりも心こめて歌うよ
12282636,opalnosa
52403643,欧阳凝雪
12308033,欧米诺
12053011,欧姐
61452651,omasmd
47599485,欧丽萍
61204916,殴朵
60679580,睡不醒
32536958,Osrina
34230935,OhSori
60978079,欧阳可爱
30643569,欧尼
12128462,OhhWinnie
12296135,OglaYe
33583907,Ony
52738924,偶尔
60195496,ONET
28182478,Oh_MacyLin
12101093,On1ynn_
32009401,O2_O某
46495320,HONG
12418310,藕片坊主
30953424,是我啊嘎嘎啊
30002037,闹闹
34597580,欧小阳
46818655,Org3
49810700,喜欢日落吗我很喜欢
54439824,Oops小宁
59660100,OnlyJu
33067448,谢思嘉jia
34783598,o泡绮崽
34489319,区区
49347525,霜菸A7
32607198,欧肠
32998366,欧漏
52253929,OhYounger
35196305,进进
34438903,LNCL
35516151,okaynini
37552391,Okey.
52434105,OnlyLychee
52629275,ODD
9087,欧倩怡
58932863,OCOC.
12120415,Meteornx
49803696,Uu998
37593121,欧阳焰云
12554399,O1M
53243817,休克的杨腦
34827139,欧阳北北
32008630,欧阳正敏
33850812,oranzz
37513661,奥利豆豆豆
33002107,on7
51226477,藕粉
53804190,欧圈圈
30481290,Omfavn
34172430,欧林吉
1047438,欧阳夏丹
33914638,偶尔遇见晴天
54711531,ols.
49317981,ooh同学
33314172,欧子OXI
12623848,i
50562051,OnE.
50829911,oddcee
52012793,欧羊羊
49397660,Official Music
47038905,欧元
54200357,欧维银
9100,欧阳雪
55228243,偶然遇见
47193637,oFei
52509279,oh-DD
61050731,oohijy
34354473,Oris
60702193,ONE-夜婉
46698944,ONE-思橪本橪
58881492,One Moon
30644200,彭席彦
9102,彭佳慧
31961393,胖虎（董欣怡）
9106,彭羚
34618891,PICK
9109,潘越云
32856695,平生不晚
9104,潘美辰
11975104,Pig小优
9119,潘儿
9108,彭丽媛
9112,彭家丽
60665640,pilot-On
48496634,涵 Phyllis
46895478,泡芙酱
59694751,泡泡
55116580,菩提
9126,潘辰
33217017,PPAO泡泡
31164169,Piggy K
37257506,Patigul Husayin
13284199,Pi-re
9131,彭雨菲
33261236,派星儿
53684130,裴去病
30481038,蒲羽
35419741,蒲恬可意
60728479,PL-Mei
30004231,胖虎小姐姐
29896571,潘韵淇
58932300,普阿山
1043485,彭筝
33380339,PAQII
32934943,PearBae小梨
9114,潘虹樾
33787113,脆桃桃
9105,彭芳
9132,彭青
49987083,泼墨寻欢
30616577,潘悦晨
46802303,潘虹
50654410,品梵先生
48987156,pop音乐热搜榜
9147,浦琦璋
34747369,pip
28067056,Terin桃桃
54320209,佩佩
36523390,Pezilam Sadir
1216018,Flc_溯洄
59630496,枇杷露露
36567809,泡芙芙Scarlett
12025431,朴逗比
9128,彭丽丽
34354460,Peggy
36027639,Pariha-Mamat
12662325,purplehazeee
34564283,Raysel小蛇
12419984,潘佳杰
13145174,菩提Vicky
30689233,潘羽恩
46787683,pipipi
30780306,彭十六
31955252,翩跹梨兮
60333678,Parida-Tudahun
12537,飘乐队
12204777,彭沛绮
15200311,葡陌
60586446,皮卡气球
52400799,屁屁酱
50598229,讨厌鬼Piilll
33786434,Patima Mamattursun
61090209,彭锦艺
34595172,派美眉
35234896,胖小迪Yan
33395912,kurumamado车窗
56362207,落差感
61310276,胖胖
61177447,胖头鱼
33751329,胖鼠子
29392701,破冰
34467778,Pre丸
12271600,噗嗵咚咚
60127290,DJ阿峪
36340901,屏鸦
58394231,平凡的事
61559875,盼盼盼
12464910,潘果果
1088115,Padalecki小明
49141777,琵琶古津宁
12523504,潘紫妍
61682885,潘多拉
36912408,朴小白Maackia
46317190,葡萄不语
32952554,阿卡玻糖
12027183,Peach K
58868518,ppppd
50435189,platinumbbbbbbb
61452985,象象不吃香菜
48352649,平安小财娘
37700302,潘倩倩
9178,曲婉婷
48790581,圈圈菌
9203,戚薇
52807985,缘为冰
61471942,清凉一夏
9167,齐豫
12419710,曲肖冰
12084352,漆柚
59638578,汽水波波子
30003051,清音
31314612,浅影阿
12291562,Quinn葵因
14588611,戚琦
57575463,芊芊龍
30547081,清洢
33412088,圈妹
189577,祈Inory
33018111,浅绯色的喵
30378281,七元
9156,裘海正
56990216,七十二時
13642185,球球
28864015,晴几IKU
12052075,蜷花（李子璇）
9161,千百惠
47467866,琪大妈
12108537,庆庆
58108620,青柠苏打
58667393,七与
12111209,千月兔
32572025,一只鹿
59714391,七七
55978424,迁格
60563241,秦小晴
31160889,QGRay
1046506,晴愔
59825843,晴天姐姐
12293819,钱润玉
35057881,七夕
34744579,曲祁coooolki
50788132,倩倩讲故事
34276480,粥粥
31155245,曲艳娇
33114933,齐欣雨
1043310,千界
33168880,清昼
12071053,齐悦
12108564,圈9
52120192,MappleHY
203172,秦岚
1049443,祁紫檀
51707135,韩睛
32502121,七梨
9179,曲锦楠
50570011,Wendy Anderson
12183312,晴小瑶
14857181,情词尧
60114483,鹿世雄
32683244,切茜娅Chelsea
46356058,七水Lena
9197,齐栾
35424689,Qiu
34673853,芊狸koi
34742307,金旼珍
12094734,清风至
34344893,乜秋秋
51472970,茜茜
33763202,青燃
34538452,清水er
49336423,敲敲晚
31254468,qinsana
12344246,七叶草
60486952,钱慧敏
47759051,就把你梦
30773305,祈雨
31367339,想吃空心菜
58578988,秋依原
12285030,Gabriel
12537585,秦凡淇
51576067,清水_M1saki
12092076,千是
30644986,青稚m
1015636,千年破晓
30892308,邱诗凌
48083009,青海花儿
30703921,湫词
48985790,青乐
9202,曲丹
30544448,倩倩1204
60865320,小樱花
60845912,清新夜晚
28865148,浅情
32829414,千玥Jasmyn.Z
52733509,浅酌酣欢
33859866,权廷
52327639,其实
1043396,千百顺
34179438,千湛
31371274,秋璇Liye
30381775,下雪了吗
9255,任然
9269,容祖儿
1054159,任素汐
47912279,Rom邢锐
56507264,若溪（虚拟歌手）
31960592,RU
12390061,任舒瞳
36289199,Rukiya-Ahmat
33804419,Rena-Mijit
57369780,思琪
12172496,阮豆
50976091,杀了全世界
59922418,然然
9438,任家萱
13286226,阮言Ruany
37131949,李白-Raina
33202590,啊清
31573582,容云
9225,芮恩
33859468,黄金玉米王
59610942,Royal-music
34354395,任家
14713124,REGI陈彦希
60751250,RZWN-Music
9236,任静
15193350,RITA
12092032,ReDbuff
49339158,茹克亚
12868757,Ray.Chow
12118670,蕊蕊蕊蕊！
33762408,揉揉酱小提琴
14119064,芮雪
46272210,热孜·宝
34202454,R!CY
32753520,雷丘Rachael
47189014,是我呀卡司宝贝
59264250,Rayila 莱莱
61851982,然然
33778448,RUNCII
1215028,若以止白
32324249,白礼香 Carnia
35416526,Rex阿红
34636860,Rua
31253756,任玲辉
29266018,早安ovo
30110375,任敏
12853142,日光(Petite Jing)
50408559,Rukiya Mijit
31002509,软懵
34365658,Rayila-Alim
54317176,4Titch
60930885,蕊妹
60968597,茹茹
1087826,阮妍霏
37507854,热血小狒狒
53826205,茹今
59864249,日记小姐Destin.
50739899,Mini风铃
1192130,Rita黄汐源
34279736,Rain21Bow
61079582,Rio_
12609543,冉尘瑶
52373377,仁青卓玛
34337756,慕啵rang.
29032249,Rok
59600579,النبيذ
34373293,Reyna
60977086,阮小七
13413017,RincolF
48460420,热汗古·斯迪克
49136537,Rayhangul Musa
13449578,千瑠火Ruka
48276660,Rufine
61590678,然然子
30003802,如西
35828274,若汐
1004100,RE
12969923,R.E
13701779,若南寻
30128225,Rizwangul-Eimam
61120856,人生如梦
53593588,R.HARBOR英翻
53100002,仁增卓玛
51575384,Ruǐ蕊
58307069,染伊a
35425020,Rony丁若依
60780384,穆丛阳
1083010,Ramila_Rozimamat
12184707,茹雪
35516119,RuiM_太阳吖
60420743,Ruiii9
46415421,人间帅比突突突
13152957,染lafier
58335131,壬夏
13864270,王可
34747449,绕指柔_
55853146,天才少女纱雾
34097566,若水琉璃Awai
46357489,蜜码
49332650,Raziya-Yasin
29802127,单依纯
9272,孙燕姿
46966451,苏星婕
28863695,司南
12025552,双笙（陈元汐）
1193259,苏运莹
47528044,Sasablue
954154,孙盛希
29051250,Seredris
61762081,三秋月季
1056002,三无MarBlue
32674400,是二智呀
9270,萨顶顶
34749872,是二哈ya
30471229,宋雨琦
9274,苏芮
59023246,DJ阿星
57136612,Sara
9276,尚雯婕
9292,孙露
56553878,水王惠子
30700959,Superluckyqi
31158685,史一
12184568,SHARK卫彬月
50973498,生鱼片
1049025,孙羽幽
36701857,sevenone
9282,孙俪
28175491,石白其
12459252,宿羽阳
9278,宋祖英
9286,斯琴高丽
32055861,萨吉
28391544,商潮
32750845,十豆彡
37510480,six nine
9275,苏慧伦
12292130,Sawako碎花
57050226,苏星捷
32725601,苏晗
9273,顺子
10089,司夏
31880229,石玺彤
1047248,少年霜
12105057,苏诗丁
29865317,斯丹曼簇
34634932,缩肥鸭
59791720,陕西燕子
1194037,司墨尧smile
52327060,赶紧下载自己要听的音乐！！
46548148,四七
9976,宋佳
46641201,善宇
34330154,SWAGGER
58956766,是吖毛吖
1051004,宋茜
58985837,司雨非
9294,孙悦
1050241,Sophis
61888434,邵雨轩
53946009,是我迷恋
32541650,苏以北
12904131,Simyee陈芯怡
35950608,Sail
51159665,Secron_osh
34054680,神婆
31361165,宋小睿
37550581,祈愿雪
31343926,岁禾
35168386,师硕晗
991182,珊爷
12262344,珊姐
50653688,subinur-arkin
916007,树莉莉 Serrini
58108594,蔬点软妹酱
12277871,十八薰
59730118,十二梦
9455,少司命
37077708,孙萍
30284927,说说Crystal
34208819,鲨鲨
14586514,三妹
59826339,是任夏哦
46557000,什么都浪漫
61765296,苏幸睫
9296,沈小岑
30093274,Sunnee杨芸晴
9454,沈春阳
33837455,Sylvia
48772596,Butterfly
60744464,水印白
59110075,晚安
13465110,孙怡
46778592,Sweet G黄钰柔
58304265,Softheart91
12729733,Shine滢儿
12119502,苏二零
49232492,苏打岚Soda
13035128,苏妲己kyra
35426442,SuperA邓艺菲
1193004,唐伯虎Annie
9489,谭维维
33400936,藤柒吖
48450837,田冰冰TIBIBI
29235073,婷婷吖
9491,谭晶
9548,田馥甄
1081556,TetraCalyx
9488,田震
12386867,桃十五
9504,汤宝如
12286071,桃李不言_
12312121,唐菲
9487,陶晶莹
61276988,天小真
30281437,田木子
31624559,王天草
997001,兔裹煎蛋卷
32286276,糖蜜
34171733,添儿呗
29069534,李易安
59576647,唐乙
60501533,Zoey
33016984,TINA
9566,Tacke竹桑
36735715,桃子A1J
12440107,唐倩
32625807,陶典
12304472,Tagi
12291208,汤成君Jun
14810161,童珺
59944323,tovy-Music
9565,糖妹
9585,汤晓菲
1086017,唐媛【汤圆】
57540033,Yuik
12287907,兔子ST
12002114,提糯Tino
5271,檀烧
46702749,童可可
51486986,Takiyami
61570437,TENNY
9494,童丽
1094178,汤晶锦
12487185,谭松韵
12025066,陶心瑶
30134529,瞳荧
30217240,图小图
783036,童可可
59654527,甜小泽
49333435,甜小泽
53415820,汤颖
9519,童欣
30476233,腿腿Jo_Asen
27868543,桃酥
12320784,佟彤
49208518,陶九
32744691,TalanTara傅悦
52633087,Peach
14312156,田颖
9493,汤灿
12008090,唐艺昕
35950565,天线
28175969,黎夏
12238015,田子晴
12138012,听洁
31150709,听说是涵十六
1158005,唐艺
46787448,梁真圆又圆
33749473,彤妹儿儿儿儿
9496,唐艾萱
57702280,糖醋小龙虾
48571409,无敌旋风小腿毛
1020090,TieYann 鐵陽
34512591,透透扛不住
50483438,婷玉
47924288,粥了个粥
12319401,荼夏
9520,唐丹
50206505,汤七七
12204446,踏声涟
30293438,桃子卿
33871359,TursungulKadir
1148003,陶晶晶
14077177,田如一
61184049,天籁之音
30001791,童童的粥
59087575,泰顺繁星童声合唱团
32244951,唐梓夏
35299905,甜醉儿
34911347,棠霜icing
9499,陶钰玉
36179835,柳玉箫
28066728,榛无鱼
34466453,脱颖
12492257,兔子牙
12128740,桃子在发芽
27905753,执日的情歌
9572,徒有琴
12729775,T!ANA
32208979,Uu
34593320,ukakakaxxl
36288729,UnicornPhantom
36147841,unlock
51906394,uui
46443248,Ulbosin Kenjebai
47293107,UE
36648816,Uyghur Girl
12194868,umida
30891403,Uka Yeung 楊倬翹
14312053,Una
46830546,Utopia-zjy
46721383,U炸鸡米花
34820339,uu
37616805,UGAIMUSIC
50597933,Uki雨奇
46777426,Ugly Ghost
12919099,URii
37090579,urnot小未
34149954,UliwPanda.
51489006,甜丧少女
33426935,Uni珂
51054886,Uu_楠楠
12454739,uglyman
49144843,unnax_
33371838,Ukulele娟子
47523695,UnknownY
51619262,unknown加
51048691,ulugbu-kurban
55630713,unlasshww
46396868,Uaena-恩娜
54924231,26
34601584,una巫娜
54906324,usarin
46586330,Up_Mirror
34744806,Utoaix
31155535,UKEYZ
50058671,鰻魚丼
33056639,轨止
58443735,Unique-YT-
14299485,Uma
12383160,unt
12699819,UU
30004325,UMI
35079088,Unicorn D
47308803,Umi
61452601,UAnn Y
34317857,Uki77
49746041,还童
35012730,Uniooo
34618769,Uee
12277051,UzizZ
50206566,UrSoulRichbabe
32809338,U.K.
30003579,UniyiTng
34637218,Universe小宇宙
55275664,Unicorn-Capricorn
47136805,umi
58553537,Ustinian-ik7
61623680,uineno烧卖
35655545,un1notyours
48275432,夏蚊子
33850756,u4e00
53410595,unnioo--
28868481,UltraAheng
51471021,UnRyu
56912211,u优乐美
36233592,肥羊崽
34920349,Ulricar
52551870,U辰辰
33909848,unfloyd
34310226,UNX-VOICE
49234798,gvtfyftct
30705299,Ushio-x
46423161,uian
53468144,佳
34532924,UNICE
54669219,摇滚小猫
49304071,小孜巴
55926069,Soul·禧
52632608,一朵荷花
14017240,URe萧何
47610979,Under-X
33426674,Umii悠米
58682468,Uni Wan
12193468,U_M猫
34514368,Unicorn.
55110087,白鲸p
32098120,u西南u
27871786,Uosann
53570689,Uzume_舞紫梦
53242651,Universe||F.
34645441,Unsweet昂思维
61590754,UNNAMED未命名
31155544,UU切克闹
14585508,ui7ang
53094861,uni_HAKE
61825864,user8ball
61590613,灵愈音乐
55399964,Unicorn
12001060,Vinida (万妮达)
1038099,VaVa毛衍七
33097213,Vicky宣宣
12317656,王文艺Ayi
1047290,VIVI
12441210,Veegee徐若侨
36564236,Veena
52156217,快快不会丢
29951251,Vtaeat文轩
48674519,妥协
32264339,ViccyC
35653875,violin琪虹
59236246,VINA offcial
12215141,21辣辣
33420300,V1be
28300550,v哔哔v
34542413,Vicky
35423964,Violin花儿
12371248,Vicho
34317453,Vivien微
33470797,Vayne
46396080,Vicki19
37410870,陈奕同
61313219,Violin王彦力
33581515,Vear薇哥
51034378,Viviaaaan
35138996,VINKI-小黄
34199132,Valyn慧媛
50677788,Vanessa
59397343,VickyZ
12195602,VitALanKi
28301090,VI艾雯
12183553,Vieeee
31147519,Vwhy
36171951,Vrogat·D
28184489,VII七
29069612,v诗婷v
12913138,vein ✡SumidaRiver
27695916,Vising_拼图
33897273,VC.蛋饼
14925547,veezai
34447245,VibeKnife
12317064,VeraJae
12173071,未歌VIGO
35731961,VOC小咸
34294461,Violet维琳
32711735,杨莫倪Moni
34290648,Vocllum
12126333,v唱小游v
1194069,Valerie_银元
47381467,vicxy
55014891,Viens
59858785,Vv
34178530,vvviga
46544966,Viola Song
46528177,VING
47963831,VikyCool
49594716,刘礼星VD
34500955,VV久
33106138,Vivye丁雨薇
47777727,ViVi-崽崽
31649218,Vera Chai
12489271,Vanessa Tinberus
55067043,Vivian婧
31089334,Vi_ggi
36779663,vIcKy TsE
48044797,v鱼尾木巷v
32889049,VIVI呐
46697916,Varlar
31148599,Viola巧克
55541405,Vreen
55894966,薇薇の
35512997,VIMY.K
35066431,Vera Qi
34616845,VioletWei
57746471,Vante
37257528,Violet
12969146,VICKY杨颜菲
46955395,Veronica
12461021,V.Vanna
56622731,Vasselima 歌手
34595413,v小v
58239163,voljin
52085742,Valentine
61185051,Violet
36566575,VikkiCatty
54002066,小冷
35955045,柚啾一
29069803,VYY.
34622098,ViVi
32681496,Victory小胜利
59332929,Violet
58346546,vickyrine
53561779,VeniraArken
61879339,v程七七
50515883,VvNF
57984843,Vickyyy
59907459,Viedy曦
46496205,Variance
34402757,Veeyie
14312549,王贰浪
9621,王菲
56895942,刀酱
27871957,王OK
9606,王心凌
12232132,王唯旖
13282198,闻人听書_
9604,王若琳
9605,卫兰
9615,吴雨霏
12968787,王澳楠EVE
12390184,王天戈
32980337,旺仔小乔
59741681,维他柠檬茶
9609,魏如萱
12048239,王梓钰
34642650,王一只
9808,王胜娚
9612,温岚
9766,巫娜
52400403,薇薇
31347027,无面小生
9682,吴琼
1046249,吴汶芳
35495821,王靖雯不胖
33995829,王雨桐
9611,万芳
9668,王婧
34433129,我是土豆
48576625,雾江月
29265255,王晴音乐
166009,吴莫愁
9622,王蓉
9613,娃娃
30649136,我是张怡啊
12871122,王艳薇
9823,魏新雨
9780,吴若希
12276904,汪源
33603794,汪珂楠
9881,汪小敏
1160094,万玲琳
46280046,雾也至Woo Yeah
12002038,忘乡
9633,王馨平
9646,王芷蕾
12916020,汪晨蕊
32541884,伍珂玥
31048397,尾巴Viola
34143046,喔喔
9635,乌兰托娅
9608,王菀之
12020027,魏诗莹
805419,王诗安
61490227,王小艺
33203115,雾岛孟川
32590999,Miaay*
12258611,王金金
9765,王笑文
9875,王媛渊
48631904,王小草
13056968,吴映香
36081053,王梓琪
28102388,魏奇奇
52047040,陈辞安
34522228,温舒娴
13128032,王大毛
9632,韦唯
12292771,文太Vent.T
33056279,吴嘉怡
34390996,WillOw
9838,乌兰图雅
59112153,温亦心
9607,王筝
30285508,王玉萌
27910312,魏晗(懋懋)
48886892,吴半首
954037,汪睿
12233087,魏允熙
1156082,王若熙
60881749,雯岚
13288939,五毛
12055073,WendyNONO
12797890,吴奕妤
9657,王韵婵
13009181,朱恒锐
13285015,王淘沙
9629,卫诗
61784160,王瑞桌
33027354,吴梦雪
33916788,万羽翼
54240920,王怼怼
14925379,吴三畏
13581257,王理文
59743396,晚晚安
36191255,无名之爱
9624,汪明荃
53775621,王虾虾
60521016,我是乔宝
52122155,王海颖
9940,徐佳莹
9945,萧亚轩
1192268,小霞
9939,弦子
9952,谢安琪
29393616,小凌
9944,薛凯琪
12408182,薛黛霏
12079173,小时姑娘
9950,许慧欣
46961650,小蓝背心
1039895,谢春花
9943,许茹芸
9941,许飞
9968,徐小凤
58843691,小睫毛
14072349,解忧草
10142,玄觞
9942,许美静
12037181,徐海俏
34464322,陈汉堡
9954,徐怀钰
978026,徐薇
9947,萧潇
33298460,小咪Misir
59778410,小宅
9963,徐千雅
9951,辛晓琪
33842529,西罕
37184780,雪球
58039244,熊雨珂
792806,许靖韵
32431990,奚缘
29581171,小眼鑫
13288117,小星星Aurora
30802803,咻咻满
9946,徐若瑄
48863106,Dirk
30855870,谢可寅
12270806,杏仁c
32462885,龟一
48423165,行崽ou
56506258,小鱼豆腐（虚拟歌手）
12198674,小奶瓶
12472506,习谱予
33786772,小匆匆
52813478,徐西
27730696,西彬
49607105,欣妹
10141,小爱的妈
12046092,星尘
10049,许秋怡
35238693,肖涵
53467718,小阿呆
12532848,小潘潘（潘柚彤）
9957,徐洁儿
10081,萧风
51638660,凶狠凯蒂
12568026,小白羊HUSH
48416200,雪奈
28175326,Xina
56040146,Seiao
52109096,向思思
31663214,小阿七
34041215,楠棠郡主
14930127,熙月月
10107,解伟苓
33412734,小可
60070866,苏辞
1025209,萱萱
9959,香香
61766177,徐君雅
34373473,薛八万
34645334,小猪BoBo
27871544,小嘉玲
59660774,LeopardXG
59888713,小冰
35057132,夏了个天呐（朴昱美）
60057960,小陈爱喝牛奶
59427767,续写张
12403118,徐歌阳
12214058,小居居
34420232,小班圆妹妹
905476,夏婉安
32888580,小念姑凉
12454829,熙宝(陆迦卉)
12084089,熊子
51031441,薛如音
33800576,徐梦玲Joe
32781654,肖倾月
33701506,XXXL
27869687,星斓Sila
29023386,夏野Natsuno
12236592,校长$even
31962637,shadow夏一瓶
12919057,星葵77
52047137,Dilnar~
189961,许多葵
48435695,笑靖
1085035,心华
33709222,姚晓棠
36032190,yihuik苡慧
10199,杨丞琳
10204,杨千嬅
10200,郁可唯
816248,于文文
12664439,希林娜依高
188565,银临
12316248,尹昔眠
10473,袁娅维TIA RAY
31051426,杨胖雨
33694141,一支榴莲
10209,叶蒨文
54431365,言瑾羽
35187624,叶琼琳
34787967,一颗狼星_许篮心
1158065,宇西
1026105,印子月
10198,杨乃文
35243745,云汐
12262303,于果
31571835,袁小葳
10412,云朵
12149035,叶斯淳
49293918,余不不
30109622,肖琴
33212613,悦开心i
58182242,于冬燃
49828212,炎明熹
1039314,叶里
46893944,野哥
47250394,尹露浠
30476029,于潼
34754062,银河系长
10203,泳儿
12441086,于冬然
33950005,宴宁
981005,云の泣
12186038,叶炫清
33106934,余超颖
12107556,鱼蛋
58681580,于东然
31055052,ycccc
55814831,一只瓜瓜
1102240,乐正绫
29999237,丫蛋蛋
34303489,一一
12798895,于贞
983028,言和
12104051,颜妹
12065133,以冬
55596511,今晚取消晚餐
29026951,椅子不够酷
30616590,一口甜
34493156,袁王月
10206,杨钰莹
56255683,羽小柔
10348,杨沛宜
10371,姚贝娜
30914421,于梓贝
1154070,虞姬
10238,叶丽仪
61464105,圆圆
14714043,陈卓璇
28416044,野小马
60102292,一寸光年酱
32954246,Y.U
61251235,一万斤长大
10221,杨林
10197,叶蓓
59742620,Yuee
58109520,月亮邮递员
13112713,郁一凡
10202,元若蓝
32588905,羽宝YBAEK
10212,阎韦伶
37456353,御小兮
31681224,喻子珊
12204557,叶懿瓒
58785553,于冬苒
12271646,郁欢
57022391,月芽
10368,杨紫
34616284,胖猫要吃麦当劳
52999584,元气少女
12578541,忆嘟嘟
50469457,洋澜一
1191044,喻言
35781596,云扶
12092172,易者连消醉清酒
10210,叶欢
33927570,一玟
58053100,芸朵
10280,杨菲洋
10245,袁凤瑛
30704897,Yusee
10219,央金兰泽
12124043,杨默依Moi
31468621,虞书欣
49336898,一只眼睛的鹿
12204436,安全着陆
12074125,ANU
35547742,APEX
11015,阿里郎
12031075,阿吉太组合
1060238,安达组合 Anda union
679001,安与骑兵
12002183,安子与九妹乐队
15023093,爱情公寓全体
59427534,AI小妖
11066,A公馆
48165702,A Few Good Kids Records
1050216,爱星人
11933,爱朵女孩
12133114,阿普亚虹UPYAHONG
11001,at17
29224875,凹与山
60319318,爱hoyo的小冒险家
61874497,Alger
1049310,安图声乐队
13026202,A.T.L (Above The Law）
55951601,18247
59754348,DJ小花Remix
11000,ai.mini
57961485,ATK
52504284,༄Rewаyaт℉
12729365,ATM顶级玩家
53720929,иαвιנαи му3вιкα
12237593,Ace组合
54011942,Aybek
1185065,Anzar
33837924,Abduwali-music
37633336,A-SOUL
35598220,OriginGirls
35022361,ATTBEAT
11055,阿佳组合
31366355,阿克卓巴乐队
60167082,WEITA
50058652,案香书颖
49814261,阿巳与小铃铛
33431009,Alive Until Sunset
12147178,暗的光
55759113,爱微凉
48164537,AOA
61285270,小艾
49092234,Mug Kuy-Office
52048545,Lib
27871284,爱乐汇轻音乐团
30549398,無端械斗
51685868,AnTi安提
11056,阿凡提
11006,阿爆 &amp; Brandy
52509006,阿卡大文
61400630,阿雷奇诺
11049,暗狱戮尸
10996,AK(AK47)乐队
54382192,暗色轮廓Silhouette
52811991,suhmeduh
33910367,A-Flow
10997,阿修罗乐队
12270597,安娜其
36516702,Abdusalam osman
50974107,破碎电子管乐队
12199153,AYAINC古怪因子
60195767,吖啶
30281541,Adila1653
12092010,AZA微唱团
12233120,Angel Baby
11009,Ado
12118551,AsmanWay空军部队
49588768,想买摩托车
12091071,阿库诗薇
47074187,阿图什冲浪男孩
58731373,AHeMaTjAn-azeze
55612278,然晞雨
52185886,Late
11004,ASOS
50570196,明启声乐
33114829,暗渡乐队
36570176,A2❤️
11031,阿吟琴
48931602,.
54211416,爱山歌
11024,A-One
54125021,Anik
721016,AOA组合
49291399,YOUNG-A1
13861425,安念Lanny
35888023,ACE Studio
52562614,係咪傻噶喇 H!M!$ACluB
36702865,Alice工坊
12282879,And2girls安菟
49897335,安与夜声
1047045,ATBT
11047,奥斯卡管弦乐团
11034,AK组合
1049145,阿夏组合
46779081,爱音乐的三丈
1158170,Arvey&amp;Coca
30892300,AKB48 Team SH
14714082,宝宝巴士
11127,Beyond
11097,By2
11109,八三夭
12191014,宝楽CNBALLER
12296026,不靠谱组合
12083228,悲伤玩具
33609925,白鲨JAWS
11105,般禅梵唱妙音组
11106,Boy'z
46442509,八仙饭店
52389269,白色海岸The White Coast
53398238,塔塔野野
14119957,BECU BEATZ
35656490,斑马森林
11100,B.A.D
27872031,Wings
50040173,单
11099,棒棒堂
61177369,Mr. Di
33849229,悲剧药方
50976231,Bunny
900084,不可撤销乐队
2092,布衣乐队
34206675,Bad Sweetheart
223716,北京新月童声合唱团
12371505,白日密语
46697099,BKStore
11131,波希米娅女子合唱团
11094,鲍家街43号
11108,办桌二人组
13111338,白噪音
12383901,宝藏山 Treasure Hill
33462277,八云轨
11104,北京天使合唱团
12126856,白皮书乐队
11115,Bad Blood
1185005,8:48
1080124,表情银行MimikBanka
13909164,Berlin Psycho Nurses（柏林护士）
36522891,Bater official
56201986,BJMUSIC
1054042,白噪音乐队
12263,秘密後院
11112,Blue Jeans
57125573,BlueHour
13158084,败犬乐队
32726836,白纸扇 (Hardcore Raver in Tears)
28187668,白度
31152709,饼饼
12350229,薄荷绿乐队
12616056,BOY STORY
12109032,报警alarm
11096,BOBO
12060088,白百EndlessWhite乐队
12039108,CnYsL_MsaiKY
51294502,不着四六音乐工作组
12171025,巴啦啦小魔仙
58123305,BZ1
12094474,白驹
225536,板砖乐队
11185,宾阳乐队
35510854,BY.Jimmy
12107315,BEJ48
47990460,Burkit pen Aisha
12676703,BC221
12020038,躺平同学
12056078,BRGANG
54708040,不定义乐队
52474258,Besokuse
58056828,笨蛋先生
52231769,白百依组合Bidar-Gurupisi
11113,八只眼
33072482,布谷乐队BlueCuckoo
11098,便利商店
60913987,冰冰勒
12002110,BOSSFIRST领导先走乐队
12867033,白鹿合唱团
12481763,1117
1122065,不一样乐队
54746641,背景音乐大全馆
49594850,balabala合唱团
12235480,北墟归工作室
48276273,不务正业咸鱼组
12967745,白露未晞合唱组
12206968,BUT组合
1198142,北翼乐队
49749900,边缘玩家
11222,冰雪飞
1139051,布偶乐队
12291426,不贰音乐
12481299,蛇
15375028,半盒火柴
33029433,八音盒艺术
187214,不一定
11165,Babes
11107,病蛹乐队
35427028,beatsbykoi
220934,暴走蜗牛乐队
1046128,伯村清唱团
1161122,草东没有派对
11265,草蜢
11257,C-BLOCK
12063096,橙光音乐
12093668,脆莓(Brickleberry)
11238,刺猬
50522614,CYTEAM
50931257,椿乐队
34477557,ChiliChill
11088,Crispy脆乐团
35005076,成都集团
47773583,超级宝贝JoJo
1081839,Chinese Football
12063157,厨子和戏子
46630925,宸秋Music
32578580,潮池蓝
47353036,春日玫瑰(Spring Roses)
11236,超级市场
53393451,小饼干
11234,重塑雕像的权利
11320,Cicada
35608679,寸铁
31096339,C.S.B.Q乐队
12077115,CLARE
54849041,街头生意
33154502,朝简
11251,Choc7
12100,陈乐基&amp;killersoap杀手锏
11322,Christmas
11293,Claustrophobia
12136051,陈楚生&amp;SPY.C
32248096,朝歌夜弦
37588741,春芽音乐社
37126432,Who would like loneliness
31153248,窜天猴少女组
13500022,纯音乐
32899086,船长不下海
948007,茶小姐和熊先生
50343601,超级工场
12083546,Click#15
12183574,从野乐队
61274510,乘风2024全体成员
11248,Cookies
29026797,Cyber Ants
1038390,沉默演讲（Silent Speech）
12118566,CG
12413020,尘韵清魂原创音乐团队
11318,晨曦光廊
50040816,CHILAYGUN 痴脷筋音樂
35417726,春晓乐队CHUNXIAO
1081207,CEM Records
12052050,Cyan Lpegd
12128535,CATO
11233,Carsick Cars
11317,插班生
50329854,CHILL GANG
50653540,Cubes Collective
12513026,ChinoBroz (奇童兄弟)
12001121,潮人语
53943054,RandomMatters无定律
12454744,触耳先生（Mr.Truer）
11247,Cream
11260,城市少女
1213026,璨乐团
1152025,陈知游园惊梦
28419569,Cube Brothers方块兄弟
13528243,寵物小兄弟Pokémonboy$
36171851,Old Doll欧得道乐队
28431558,CONE翻唱团
1160181,朝勒-NOT.ZAM组合
50150772,策尔卿听合唱组
12283110,COQ GANG
30001045,春击浪
51196790,COLLAR
28182500,COAST MUSIC
51095356,韩铁牛
48642269,纯色天空
34911410,茨球的乐队
11364,Casino Demon
28432015,虫虫
54574243,此处缘声_歌组
33097805,茶贰居音乐团队
226428,楚歌
61272333,错开
11263,CD Voice
11311,重返袖珍时光
27908825,CBG藏宝阁
11241,苍蝇
1033019,赤褐色
13282269,Crystal_Melody
48280718,慕星银乐队
12052020,CPU
12083727,CUCA阿卡贝拉清唱社
11243,橙草
12227,重庆孩子
11240,痴人
32578348,吹灯夜游神
32210316,搓泥宝(Rub mud baby)
54367701,超级飞侠
832710,CNdY
12463331,deca joins
11370,丢火车
11378,Dear Jane
33693423,DIGI GHETTO
11481,岛屿心情
14587467,DoubleMirror双面镜
57076584,DOUDOU
11363,动力火车
57743040,代号鸢
12146285,丹镇北京
1032426,打扰一下乐团
11437,Dance Flow
12270343,地下8英里
32938269,大都会乐团
11359,达达乐队
11427,东城卫
52681305,蛋仔派对
52972103,DAYDREAM
12037252,达闻西乐队
1203028,大粉乐队
1047287,大小ann
33452366,当代电影大师
11358,大乔小乔
11360,大嘴巴
58907362,Zeihos
11365,低苦艾
61974945,D-BAND
1158136,对角巷乐队
36288943,DY_Freedom
30000957,大富大贵
1158173,Dirty Class
35885077,迪帅MUSiC
1139001,Dirty Twinz
28389576,东岳护国寺
12118540,动物园钉子户
12407991,DIZZYGANG
918003,大波浪
28602759,D.Store
12899379,点灯人（Lamplighters）
33338212,打倒三明治
12003098,Da Fresh大新鲜乐团
11505,Days
12056056,弹棉花的GG
776850,大象体操
33449976,Deep Water水太深
52408404,Car_Records
49689868,星娃Mix
11362,地下婴儿
55247402,DAX PRODUCTION
13154558,DOUBLE X
36921895,电气樱桃
32297604,丢莱卡WastedLaika
31761465,电击404
12332018,大主宰乐团TheMaster
12078223,东青组-
12367045,DancingLi0n舞狮
33096531,短裤里的诗歌
13006168,Diels-Alder
52240373,顶级秘密
58425293,DCD Records
12264518,大布偶
35729331,洞幺乐队
48214321,多多 x 以捷
12274422,DSPS
11372,颠覆M
37687082,Dear John
36930943,渡洛西汀
49753159,刺痛
49283458,第七十二次心动
48715323,TV000
12570571,DOUBLE-X
37335578,-Melya
12117011,D0MiE
11402,Dragon 5
954425,DeepMountains深山
11482,大庆小芳
12761436,灯欣爱乐艺术中心· WPX
11449,Dear Eloise
11367,渡鸦
48277334,DJ~SUYARWAZ
46705601,东街音乐
36779642,大鱼录音棚
1043209,第五维度（5th Dimension）
13708429,Dusty Bottle
49309114,大连理工大学合唱团
11473,DL组合
12083549,DJ王贺
12037205,Double明
52635072,東方紅 Red east
31748787,Dehumanizing Itatrain Worship
11380,DRY
14470317,大贺兄弟
12454435,Dreamon乐队（橘猫乐队）
30955161,地址不明声音实验室
49194055,档案乐坊Archivare
11419,冻结的月亮
36512534,電車逃跑路線
33993628,大乐不良署
37001268,大音希声乐队
11447,Delay
14713083,eason and the duo band
691012,EXO-M
46886194,EVO MUSIC
11512,额尔古纳乐队
59401485,李婉婷
11522,Energy
47125852,儿歌点点
51702445,E.V.C电音节
53642418,曲培贴吧工作室
11516,EO2
13037719,贰伍吸菸所 Smoking Area 25
11515,E-kids
13296481,EMOG_RECORDS
34328870,Esther
13793495,ELEP-BAR
12170246,Eggman
46839835,Esan
52881679,Electrocircuit Echo
34403165,Banana Music
11513,Echo
12226208,Electronic Rat
12965493,二向箔
13911016,ETA乐队
52735878,EVERGREEN
35259561,EzGoin容易走乐队
32050172,二番目乐队
47298254,鳄鱼般乐队
35887665,EA7
11550,Elenore埃莉诺乐队
35884119,3 Rang
54738797,Eneros-H
1159078,贰拾叁乐队
11531,Empire of the Sun
11518,Explosicum
54032024,ENONE
54790126,Chen-ing Music
11544,Evocation
11511,ECHO
51848147,EUROPA木卫二
52085722,EMOTION MIXER
49089024,shanghai outsider
32536219,ECNU·VIVA
36614772,EA7-Music
52730134,Epoch Sound
53442181,EOE
33337700,ERROR
58070685,Epic Xanadu
52048638,Eternal乐队
12642508,Ephemerality-朝生暮死乐队
36622142,Emosoul
12700363,E.A.F
34966195,Easy乐队
12250167,鄂托克前旗·艾基木儿童合唱团
12394249,Easy Rider 逍遥骑士
50881962,Entropy+
27905963,ETSK
36451607,二苏_Ann
53643668,Eastquestria
36707056,Exceed乐队
12183058,耳朵流产组
35882115,EMP乐队
31254693,echo人声
55349148,二的十次方
12204407,Eternal Power
49504104,Earlybus(早班车）乐队
33150317,二分之一
12448,儿童流行音乐
58687184,Etonkids伊顿天籁童声合唱团
49514162,二流地滩
12292452,E R I X
12001042,艾斯乐队
29270372,恶狗帮BaDoGang
47191826,ElYoR-UMG
52400460,二十四伎乐
55534748,EVAN_陆沉0122生贺组
46700603,俄州午后人声乐团
35078116,erin x song
11533,二后生
53010374,漠霆鹤
60320786,Lil Uzi
51502699,发呆老师
34279899,二南组合
53310611,DjElsa虎牙妹妹
52972480,2级噪音警告（level2noisewarning)
31083408,ELPIS
56102466,Sepulon色普龙
52733467,Echo彗声组
13906470,儿童乐园（Children's Park）
53481582,EmotionStore情绪商店
31159443,EXECUTION
2733,Evade
56716941,EAR STUD
55041441,Eagerkill击杀乐队
11519,Elf Fatima
12484205,Evolver
35424197,恶魔工人Akuei
11536,Enemite
11546,Even Less
50708458,型相幻境EidosFantasy
33995557,饿狗福星乐队
11564,凤凰传奇
1050282,房东的猫
29393033,福禄寿FloruitShow
11562,F.I.R.
1160085,Fine乐团
36634815,樊音悦动
33373308,帆布小镇
1138028,饭碗的彼岸
61534106,粉白噪音
11560,F4
33872026,Free-Out
11558,反光镜
226672,风潮音乐
12335417,First Girl
12492175,缝纫机乐队
11650,佛跳墙
13117,法兹乐队 FAZI
51012542,飞行工作室
11575,风火海
37191378,F调
188831,FORMOSA
11653,F.Be.I
12568360,奉天组
46771304,梵星社
56074380,FIVE乐团
12117208,反犬良乐队
11728,发光曲线
1132066,Fayzz
51856810,Fakelove7
11614,疯医
1141021,奉天乐队
31163694,FFAGMusic
14080282,非人哉
151784,Fabel
54230375,北京师大附中合唱团
48862262,Firstlove初恋团
34375074,凤求凰原创音乐
11649,风林火山
12138418,疯狂粤语
54152577,父辈旗帜
11561,飞轮海
12155374,飞石号
52509052,菲律宾的妻
34793547,Firewall
12078010,FLANEUR
30646691,福小萌
12520473,复旦大学团委学生艺术团
12472363,愤怒青年
11623,Frandé
12459152,福禄乐队
1124322,Freedom Plant Music
49803884,Faceup
30791425,FlyBoi.INT
12083531,风吹心散
11640,丰收音乐合作社
47380681,Abdujanim
37517258,发条月亮
57558253,Fusion福声计划
11625,福麟阁
47058531,王新
12050035,First Sight音乐团体
12065059,Fulture
34515032,FANNTA乐队
11569,Fusion乐团
1132727,翻糖乐队
49594366,复旦HipHop厂牌UN1
1044032,Favours!偏袒乐队
34196728,冷惜月
11608,Forget And Forgive
11603,发条卡目索
34535754,分手俱乐部
54513878,FM419
12003029,反复攻击小明
34469359,費奈爾蘭德Beat Station
12079108,飞行游戏/The Flying Game
916104,FS(Fuying &amp; Sam)
33094758,繁林阁
47062107,一七九
11573,Face to Face
31070778,福梦
11567,非凡乐队
13583,FREE THE BIRD
33949970,返校日 RiotInSchool
12557049,发梦茱莉
59885675,风吹哪页
11570,粉红A
12039095,FissionMusic裂变音乐
12360192,Flexicution
1197037,Forsaken Autumn
1057069,风临神社
1089230,发条傀儡
58077854,飞升音乐VisionMusic
13589,废墟乐队
11588,Freeze
12783012,范越
50172264,Frankfurt Helmet法兰克福头盔
13609323,复乐班
30004257,方格毛毯
54183834,逢魔之时乐队
50681599,費奈爾蘭德
12676697,告五人
31862479,国风堂
11679,GALA
12200017,歌之初乐队
12072073,Gosh Music
58182974,Ghetto Artist
34440237,GLWestRoad
11704,高旗&amp;超载乐队
37547685,国风音乐联盟
1041153,钢心
11742,隔壁团乐队
53643124,LM.C
35420994,GOAT CREW
12600063,阁楼演奏班
37405573,歌手-艾总
12258666,光阴乐队
33576497,GHOST CREW
11680,果味VC
12611793,格里特
32767301,GOKI DJs
13286418,那就等到deadline
13151806,GoatSquad黑羊行动
60540224,故事机StoryDroid
35012802,Gelas-Music
12610265,古韵今声
30355836,孤独的利里（Lonely Leary）
12079119,广藿
12126285,GNZ48
11677,嘎调
12127366,GINGA
11698,广州交响乐团
12906211,果然乐队
51706964,Volta
1044206,鬼否
32571769,广东水神
12316083,GumJ
54074575,咕噜特Groot
48276050,歌手-艾总
33942482,广东共青团
11733,牯岭街少年合唱团
983056,GMRemix
12411087,G5SH
46782382,瓜瓜龙启蒙儿歌
34096284,哥伦比亚可乐
34390378,国风喵喵咪
12126835,Go Up
1038338,Gatsby in a Daze
11682,过失
51936978,贵州苗族原住民
12128162,广场恐惧症
1131049,归墟原创团队
54119601,广州少儿广播合唱团
59085848,GX (鼓鼓 吕思纬、萧秉治)
31622277,古典天团
51162787,Eden音乐站
33047496,GOINDOWN
53079911,故事FM
33267854,过度氧化
1044090,格里芬Gryphin
11681,功夫
52566276,龚琳
51297451,广汽丰田品牌音乐
50198298,北新泾交响乐团
35419697,官氿寂
57559231,古怪先生
36763752,顾得慕秋
12093483,GouYaoGou
11730,Girl Friends
37057017,怪兽计划乐队
58699890,Prayforsolitude
47522267,国风新语
37185062,Gestalt Collapse 格式塔·崩坏
52908148,广东民乐团
55461158,果蝇乐队
12781783,盖世Gas
11757,good machine oil
34442017,GYG Music
31762595,鬼冢猫 Great John's Cat
48422628,G01NG
11686,高原红
34596810,GHOST CLAW
28182817,Ghostnote+
11746,广州小云雀合唱团
53212398,孤光Studio
37454860,国风无限
12420883,咯吱盒
12700190,Greetea
32606683,果哝双子
31338560,果园环岛
48962176,光与夜之恋官方音乐号
1094247,赣斯特G swag
1069006,梦宝珠乐队
13863108,叶相发
33284957,GEES
51498256,瑰丽男孩
1185067,管制（U.S.C.R）
32465435,古岛乐队
37090590,构思丢
13683450,歌命者乐队
32717461,工业革命Revolution
12487174,HOYO-MiX
27730224,回春丹
12002201,Higher Brothers
56801822,火滚音乐
711683,好妹妹
11759,黑豹乐队
1145042,黑屋乐队
11761,花儿乐队
11830,海龟先生
11890,hush！
11767,杭盖乐队
12200652,活死人
61312929,AG龍
50058441,黑色眼泪
11760,后海大鲨鱼
11776,黑鸭子
46394037,海底时光机
12320562,红人馆
28602493,Heyyar
12273,黄立成&amp;麻吉
47263273,好乐无荒
11764,黑Girl
12228818,蝴蝶效应(B.E.)
34248441,海妖SeaMaiden
13705550,好乐团
14119278,HYPER MUSIC
11788,HotCha
12359027,HAS
1087219,花墙FancyWall
11794,HAYA乐团
53833010,Oybek Abdurahmonov
35884244,和谐里乐队
1046338,火星电台
12025585,红白色乐队
48641617,黑色心臟
1015069,Hello Nico
12205899,黑麦(BlackMic)
11762,黑撒
47602414,Halip FM
1051015,海朋森
56074286,D9
12608114,杭州爱乐乐团
33107141,虎啸春
51579152,花满楼音乐团队
12291554,The black birds[official]
1058230,黑薄荷乐队
13161209,黑色收音机派对
11822,皇后皮箱
53162467,北风Music
55519350,火塘故事
58157531,蝴蝶组
12494561,HKG-嘻哈幼稚园
783163,Hope组合
12063193,HelloMedia
50318075,幻塔手游
59903105,杭州宝贝王
52281458,洛可可夫妇
12350299,画家ThePainter
46767744,环岛行驶Roundabout
12556082,幻境工场童声合唱团
12537899,话梅鹿
11777,呼吸
12265483,海皮威尔
56895196,猴子音悦
1049206,Horseradio
52274454,森蒂
12026043,赫兹乐队
12478454,嗨的HiDii国乐团
11793,黄金年代
51759605,别爱太满
60245457,幻幻Hif
12947293,缓缓 Huan Huan
58312610,韩泰阳与太阳不能
11795,红月亮女子合唱团
50481979,homegrown自家种
34786410,后顽
49346972,HIGH5
30774067,好看的组
1054111,幻華楽
36240522,卉HUI-Works
12355462,欢乐颂组合
31632784,汗德尕乐队
13523466,Hyper Slash
11856,嘿！！！
53606342,Hilarity Leap Records
54711639,夜色尚浅
11790,黄色潜水艇
11769,坏女儿
46464543,红娃娃
1032412,黑麒
11875,琥珀
11772,红孩儿
46585265,后站人 Made In Back Station
1203022,和平和浪
47966912,皇家 Saypulla
13195351,荷尔蒙少年 Hormone Boys
938016,昏鸦
12272980,赫尔辛根默斯肯
53830408,xxx U.U
12065026,荷塘月色
49339240,L.
12024494,icyball 冰球乐团
51265187,INDEcompany
12626758,I'll call you.(ICU Band)
36931127,ÿqmud
29415260,I Mean Us
11937,i2star
14804383,Inspirer Gang
12478060,Immortal Beats
34310703,GYIILZ
11934,i Me
33998873,IUV民谣流域
33097102,ISLAND THUGS
47715166,INTO1
12443539,Instinct of Sight
37584083,IN-K
48992775,Innersup Records
37561914,China Music Association
36343933,Iskandar-Eziz
54663493,KIMOJI
49196545,IK
13596,IPIS蟑螂
1132642,IDOL SCHOOL
12277026,ISPAT-CLAN
50405322,ICES合唱团
34908552,音缘结制作组
52540571,INTEGRATION BEATS
48636869,ice冰
56226430,Inception工作室
27871812,iC MOB
11936,io乐团
12003085,INXOR音乐创作社
12622114,Industry
11931,In It
11924,inLove
46893338,I.U翻唱团
58494354,INITIAL DREAM
49377287,IXFORM
11929,I★M
46507475,InsistOne人声乐团
31562155,Inf. (InfiniteNonsenseFear)
35133580,Ilostindark
31048699,IM entertainment
52412812,INVAGUE
56196919,Inkai Voice合唱团
54627649,IBING &amp; GAO
11928,I Love You Boyz
12046905,iColor爱客乐
12318436,I.T.M.
54227233,Inu-jima 犬島
36778528,Ice Bear
1049924,ICE MOON
35603408,TYPENAH
50930699,Inclusus
783012,Imade家族
11927,IDH
11921,IGO
30126530,NEO WORLD！
11941,i.n.g
1159192,Idgas
55191477,ILLEGAL SHARK
30960869,ico&amp;
30482088,子时岂归
46895583,Imprisoned Falcon
53894960,IceCrazy
12648157,iNFERNO.13
53311689,Iron Throne 钢铁王座
27695362,iM
50949269,Invisible Architecture
49442041,ICU
1192438,IPFamily
49747958,iFblue
12787347,Iron house小铁房乐队
12662057,Ionic ray
53897659,INTROVERSE
31569124,IC PEPPER
12046682,ICE LADY
12637409,IVI
12676503,I-WANT星势力
56407528,INPARTY
12046683,ICE MAN
54195524,Infinity
34441417,Inferno
50976433,izumu_ku
1015002,IP9
53849469,Innersouljah
34819355,ICE BAND
12851096,Iron Rangers
53257275,IN枕头
52050853,ICU重症监护
12537347,Inner Peace
48276625,ICEWATER冰水社
37059418,Irving
51752263,亲不腻
27725806,ice
50380947,蕾欧妮就是刘妮
34422242,INFINITE TEMPO
28415748,北葉乐队＆ICE乐队
12905514,illuminator(启明星)乐队
985238,Into the sky
54458015,给猫讲故事
31512071,镜予歌
1184074,橘子海 (Orange Ocean)
50274618,云音乐AI
58869778,Fifi
12349362,畸形儿-DeformedBoi
59801494,冉冉不偷懒
48638958,冷冰冰
11952,JS
50492991,鲸鱼
12139290,九月橙
31770418,九连真人
33772280,JandZ
55392630,金蛇TrapHouse
11947,锦绣二重唱
1028057,鲸鱼岛乐队
12037185,津静公路No.26
11950,Joyside
1044214,玖壹壹
52592523,及时撤退Jane’s Fallback
54607211,聚星未来
12022,玖月奇迹
1079094,金光布袋戏
28413577,巨礁Focus
32613540,精神可有道
31661567,结冰水
32066694,就木异象
12936218,June
12023,JPM
34396447,Jake＆Eddy
1038375,街道办GDC
13286512,绝望工作室
13285528,JigglePuff
11970,夹子道
58508459,简单对话 A Little Conversation
34094138,今人落淚
12606545,吉美之声
12206947,JLD.Music
12057020,觉醒之心
50059118,局外人L'étranger
12205075,JACK TWO
33845367,JX3暗箱组合
11948,交工乐队
187394,精气神制作
32844865,Juice Boy
50569610,家园计划
34281312,匠音夫妇
11980,简约情人
12000,讲者
61757599,叫我大掌柜
12258251,坚果乐队
28175848,讲究制噪
1211005,警哥组合110
12037077,假假條
34965602,吉他纯音乐
12002061,景德镇文艺复兴
12009,蒋亮
36778340,若见音社
49588845,纪念日
14116971,今时古梦
12184693,JahWahZoo
28184354,界限公约project
11960,俭德大厦
11949,简迷离GEMINI
60426206,接个吻
12266276,金山区
34137107,既视感
1015634,脚音乐工作室
12898589,TABrothers
54551271,假浪漫Romance In Name
12001137,旧北乐队
11994,J-TWINS
12021,江湖乐队
47990603,Jigitter
13146122,俱五形
29272639,绝对纯洁(Absolute Purity)
12034,戒断反应 / Jacky Danny
14101818,吉马合唱团
12304605,JLF
30961914,芥末乐队
46996415,惊弦怀声
51151618,JahurrySun孙佳睿
893348,皆大欢喜
11957,寂寞.夏.日
13484119,将门狮子吼
49456647,Vars
1058045,江城原创乐团
11954,金门王与李炳辉
60584515,金小宇&amp;小怪
12083068,Jack1936
11998,惊极乐队
1019386,Jeremiad Always Twinge HuaBai
854613,基诺
50928324,酒帜
36862182,玖玖归一
1043015,JINACTION
12015,江苏省歌舞团民族乐队
12166160,J.L.A.U
36289599,聚声匠音乐
12429094,罗素的茶unpre
12081,筷子兄弟
50869322,珂拉琪
12090204,康姆士COM'Z
12232080,康士坦的变化球
54226792,天易音乐
12056,可米小子
12144032,Kawa乐队
35886797,KundaHumar Saloni
61890676,Karen Mok&amp;The Masters
55273927,Kral
12076,KingStar
12054,卡奇社
36621599,kilassik
60685046,口古口古
50434552,蜂溪瑰
12898835,咖喱3000
12055,咖啡因乐队
12066,Kolor
48039352,kwai fu
12079035,孔雀眼
48038601,Kwai Fu
48510439,karton
12078,快乐家族
57850592,科啤狗乐队Copy Dog
28085488,邝氏姐妹
52736354,Kittenap绑架小猫咪
32541355,珂蓝
12057,开心少女组
58995757,K7
986266,空想家乐队
12084,卡木堂
12293918,Ace Simom
55517501,快乐唱将
36399330,Kulkiwaz
48525087,快手主播
48477446,克林尼克 TheClinic
12509152,KO.JAY
60707490,困脑壳
60114622,靠谱夕阳红俱乐部
54641652,坎公骑冠剑
48134910,KING
12432799,KMA万华镜音乐同盟
12626625,空课POWER
12147166,枯野乐队
52966804,KUCHA_苦茶
12059,咖啡因公园
12037070,KAMIKAZE
56170471,黎苏苏
55242230,可可桃交响乐团
61533968,咔嚓！睁眼！
49193252,凯迪拉克·上海音乐厅
56688976,空想之喵
50181016,Kaspi Toby
12085176,空城吟原创音乐团队
34663355,快乐男生
12497878,孔雀明王法
49091539,昆山保利大剧院艺术教育部
12126716,空谷有语
12537976,KMD - KINGS OF MELODY
12648648,K.P.R
12058,K One
60613581,KJ
13701963,Kirin Trio麒麟三重奏
12256782,苦鬼乐队
12324128,苦瓜乐队
1081954,口水军团
34596149,卡车司机乐队
1210080,KCA
12077,Keep Da Faith
30702141,空气船
12432304,空中巴士
55213766,K先生&amp;九五
51823321,开火KAIHO
13198156,kingdom of lay
46668382,傀儡乐队
36342421,KYPOPA
36930606,滚过来乐队
50102066,COOLCHA乐队
12571947,Kocham
34859538,K-CAR乐队
1160182,KOC MUSIC
34469687,科尔比音乐站
48676685,KG POWER
48265536,Kral
59256156,KIHIHI MOB
12120564,凯萨尔
32893147,空心电台乐队
37132621,空间乐队
12079104,孔三
12080,扣弦
51174889,魁星食府 Kuixing Chefing
12434298,空城猎人
53092496,鲨学Club
47775764,随心徜徉
31058127,空目人
12062,Ketchup
12060,Kiss
36857713,口水男孩
52554808,KPL职业选手清融粉丝团
55348537,Jest Kircher
1085047,棱镜乐队
35835354,旅行新蜜蜂
32041318,恋恋故人难
1195028,鹿先森乐队
11074,落日飞车
53621768,安定區Stable zone
12111,旅行团乐队
1049223,Lost Team
49320762,珑熹音上
57901010,李同学不爱吃香菜
12060031,洛少爷
30444944,莉莉周她说 Lily Chou-Chou Lied
12676071,老王乐队
777622,龍胆紫/PurpleSoul
52741310,小垚ok
61205233,GG Bond
55717960,兰益
12115,零点乐队
59638558,律动呼吸广场
844646,理想后花园
1211039,LJY
28387394,蓝天合唱团
30616219,鸾音社
12258996,LOKEY低调组合
956430,Lil' Ashes
30251044,恋与制作人
12294124,戾仁Lyrin
12187,浪花兄弟
12159,流行4℃
1158050,Life Awaits
12359489,Loong-G龍吉
53415549,saidㅤㅤ
12084142,螺丝刀RoseDoggy
50258963,Tr1p1e1
31699077,老破麻 O.S.D
50529876,浪者组合
30116754,楽七俱乐部
51034520,Lanchong
46778454,粮校艺鸣
31157384,灵山村帮
37059886,烂死在山野
56217528,落水狗Let's Go
28253230,理想混蛋Bestards
12110,龙宽九段
12116,轮回乐队
50939185,联盟说唱
12001181,零下35度
4153,老猫
12452133,罗焱Life young
54575942,离谱琴社
48509495,流行歌手伊布
991218,鸾凤鸣原创音乐团队
46998625,老骑猪上高速
33030884,安伦泰伦
33583993,聆云音乐
12146089,Laymen
48264821,冷角落_ColdCorner
12135,灵感
30646131,浪味仙贝
12936330,蓝莓味的Dora
12218,Laurent Jeanneau&amp;施坦丁
12181,龙井说唱
12186,龙神道乐队
50233493,龙源音乐
49338509,LinySz
54504313,诚杭li
1063162,龙飞龙泽
47352146,Losfer
13149016,磊落
59452585,乱拳 Chaotic Fist乐队
49749646,浪七
12060033,Lelies
12113,六个国王
31030682,LOFT BEACH
56752127,DuDu
46274626,李星瑶
52253880,老破小_LPX_Family
12189,林朝阳&amp;丁薇（Salt &amp; Dingwei）
59262515,龙潮唱片
12131,冷冻街
30705859,蓝光乐队
12293895,绿橄榄
48772297,灵魂潮汐SOULTIDE
34595027,乱乘1团
31485471,羚羊角乐队
1185021,雷梅苔丝
51879831,江不曾秋
28017412,零感音乐制作
12471018,辣蛤蜊乐队
12085574,逻辑乐队
49457225,Lifesaver（救命稻草）
51318595,雷同二友
12219,拉苏荣
52346058,Lolly Talk
12222,老泥车男声四重唱组
12194,浪荡绅士
30002189,绿丘
12382071,漏网之鱼BREAK THE SHACKLES
12713,刘冬虹与沙子2.0
12247,Los Crasher
12328,马赛克
4556,麻园诗人
1081577,Morerare
851364,梅卡德尔
12276,梦飞船
12266,Mr.
1161201,满汉全席
12027173,莫非定律乐团
12459208,MushrooM『蘑菇兄弟』
1143012,MELODY-GROUP
12025020,MisTer说唱团
12356,MIC男团
33480994,漫乐酶
12268,蜜雪薇琪
777067,麋先生
34397122,MixDJ全球電音
51786367,槑槑MEIMEI乐队
61260358,solo回归都大发
221425,Mr. Miss
28134851,MIKA STUDIO
53898033,MultiGame
12996568,美秀集团
36026448,萌鸡小队
12270,面孔乐队
12269,墨明棋妙
12128611,悶餅MOONBAND
1124109,Minsta音乐厂牌
12265255,M.T.G
49518525,墨客知音
48513830,蜜雪冰城
58964356,芒果小酪
36618878,MNO2 MUSIC
32676682,明天周六
46904044,迷心
36163735,民乐
35220943,Mandarin
60361686,Mola Oddity
1050347,M&amp;K
12932129,二区六楼Moonage
52300101,芒果酱 Mango Jump
49169078,Muzart
33182132,Mangoleidi
12001082,Maxone
36404355,M.R
46393848,keyrgzcd
12474632,明柏辰&amp;明筱岩
12261,棉花糖
12237612,明日未来
12278,梦之旅
50245205,melonboii
12262,麦田守望者
12374,马斯卡乐团
48203541,Muzo
12498823,M.I.KiNG
49556224,MC $oho &amp; KidNey
52731837,暮忆音乐社
1208036,大頭佛Mochi
12346,MP魔幻力量
896489,蘑菇兄弟
12798669,梦游动物园
704011,M4M
12284,Manhand
12287,MP4
33575293,明天的盐
37552627,魅音社
34396729,MondayNight
4478,木玛&amp;Third Party
12053106,蜜蜂少女队
12789807,某年月日
56948140,稚屿clown
12127938,麦麦童声
827534,Mu'z
47971252,马泽龙
49135617,YYy
47251412,茂利音乐MaoLit Music
51320652,沐辰音乐传媒
52780367,蒙古利亚乐团
12309,梦蝴蝶
12536750,默示船政
12284269,MelodyC2E
1040065,萌萌哒天团
12344099,MIGO
46544646,摩登贝克
49144501,MSYS
1084210,马帮乐队
31091641,马格南MAGNUM
33938216,Moonship
31472664,明堂唱片
794023,猛虎巧克力
12166013,木江子乐队
28391314,民族乐团
35269680,MiLK牛奶乐队
12011092,MissMass
52401613,结冰
53556546,蒙面合唱团
53629151,明日争取
36147312,Mr.馄饨
11491,Metro Clan
12633594,迷雾燕山
13906766,0-0
189873,南征北战NZBZ
52407008,Nine Band
13285826,妞妞合唱团
15021166,NINE PERCENT
36623116,NoLabelCrew
13155879,霓虹花园
32954300,南青乐队
12441,哪吒乐队
12437,牛奶咖啡
12444,男才女貌
28299117,NASSA
28201180,Noble Music Project
12439,农夫
12438,南拳妈妈
30480980,南北方舟
13762,廿四味
12453,南合文斗
33853163,南西肯恩
12494,Nova Heart
12003027,奈热乐队
35427136,心动
50445727,Real
12442,脑浊乐队
12496616,南游记乐队
12436,扭曲机器
12289153,Noble Band
48677911,逆水寒大宋制片厂
12357329,霓虹之下
13447727,Nerve Passenger（神经旅人）
12447,女子十二乐坊
15021290,NEXT
54408817,Desmi
12465,南无
47758983,NPB工作室
59278046,南方少儿艺术团
12203384,Night Keepers 守夜人
12594165,鸟撞 Birdstriking
34473311,奈熙NICE
37337313,NeonMusic
34094028,南北极乐队
36651940,N边形乐团
47990582,Nursultan Nazirbaev
46635673,Naja Naja
12078156,诺莺Nox
12494603,南朝烟雨原创音乐
52147267,DJ-小丽Music
12085679,N7乐队
56651882,NaraBara
30546349,NINE20
12198165,Ngoma Quake
13006541,南宫山庄音乐社团
60927343,YN_Music
12502,逆耳
12058015,Neko on'Nanoko*emoji
12644580,Nowhere Boys
12475,南瓜妮歌迷俱乐部
12701347,NoSleep Child 失眠少年
678001,尼玛乐队
12071037,年轻匪首
13198916,南鹤卫
49401085,诺裔垸noaiy
826174,NINETYNINE 99乐团
52366737,NEVERLAND
12440,南方二重唱
12466,男月亮
53217183,殒星
30132826,NNNNNN
12851265,暖烟 WarmVapour
59938024,NS家族
53467439,碍鑫
48265284,溺水的鱼 Drowning Fish
1046467,南方小镇
54090661,南水北调NSBD
33955432,NEOS乐队
1084163,南二巷乐队
52224830,暖风
30433496,STGR-Office
12003039,Nocturnes曳取
50731291,诺白Hasaki
52122100,ㅤ
34054446,NEW-Q
50991004,NAME
12483,年年红演唱组
59032914,男声合唱团
11396,NewCake新蛋糕乐队
12435,Nylas
12459,内蒙古青年合唱协会蒙古族青年合唱团
34595705,南昌大学学生会
12225015,内心深处
12274326,那对夫妻
1187071,内蒙古少年合唱团
49044446,奈若乐Nairole乐队
53394470,酿酿和呆胃
37403792,扭蛋姬乐队
13067,女孩与机器人
60951690,Neko咲夜
12579911,泥塑上帝SoilGodliness
34396937,夜潮
46503687,南宫梅雨
31091303,雨滴RAINDROP
29148386,ONER
13059577,偶像练习生
12481153,O2O男团
36512230,Fayruz Muz
13286583,OneWave
12964073,ONCE—THIS
31545391,ONE PROMISE
12529,OK男女合唱团
60020479,outta time
51176838,Oei_ENHYPEN
53782461,Onism.
51737106,One&amp;Two晚安兔
54511308,Ozone
13681676,One-Line一号线
12226353,乐天派
57136683,Ouki Ellis
49783346,Omirqul Ainiazov
12508,Ourself Beside Me
36141177,Ozbik-music
12216170,OTD河南_Fo
1050099,OBSESS
33610523,OQA
12065174,Ozadu.Music
784344,欧开合唱团
32461010,弱鸡绿毛怪
12510,oNEwAY
55451145,需要十个亿
51652160,欧罗巴音乐团
13683236,Old Dogs（老狗乐队）
32286240,OCT.7
31093022,OneToFree
34914432,OVERL1T
12525,Original Sin
1159162,Old Leather/旧皮革
52235264,onezillionowls
1015208,OOC控制之外
52231185,ONEdB
13487164,OVDS
51079799,Out The Mud
12394380,Oops!
34908505,O-Day
37002957,OCRASIA MUSIC
36458411,OrdinaryRockBand
13415189,OKIC
13911643,区间乐队
53390400,Otter Music
49407281,One Asia-Studio
33812935,OverJaM
1193420,Overtone
31330277,Open乐队
12093637,OMG CLUB
58763801,欧巴尚青
12648491,人生赢家OWN
34826104,Op.1
12520,Old Doll乐队
1150319,O2O Goddess
13058190,OCTOBER
12513,OT乐团
49510329,银色星球Studio
12512,Online
54571769,OCO MUSIC
34025934,Origin
50434573,OUROBOROS
46527479,Opella人声乐团
52509369,OxyGen氧气
55645148,ownup！！！
36455929,Out of Senses理性之下
53682889,OUR TANGO Orchestra
33259618,OurVoice人声
32466007,欧尼酱的NonNon日常
12968703,OCT人声乐团
32052476,Oldhoomk
48862732,one shot
48637035,Peter Pan
12623841,OVERCOME
12516,overdose
931006,One More
30918577,OeztStudio
12511,欧喷爱
12205185,Opal Records
1094305,OOC乐队
50651537,偶尔失控
34908521,Over Collapse
14098024,欧拍乐
34310317,Out Wave 退潮乐队
14908540,O2girls组合
37131923,"OK,没问题"
33126314,Oath
54370132,Ocean环形海
34313582,OGRISH HUMANITY
11984015,OPEN CHAN FAMILY
48609961,OM BAND
59828337,wu.
54570596,OSSI
33954498,O N E乐队
12514,ong
57509720,OPENsi
52476654,O S K
51212452,jyu
12530,Offside Lane
900021,盘尼西林
61725448,Play Big Music
12639,霹雳布袋戏
12349328,Peace Hotel(和平饭店)
27865554,Pandora樂隊
1207041,PRC
13035379,PianoPanda
12740045,per se
1012004,葡萄不愤怒
29781594,濮曼乐队
12092726,平行四界Quadimension
47736945,PANTHEPACK
1199051,POPPING国王
839563,坡上村
12549,Ping Pung
12094647,平西音樂
999215,平纱落雁音乐团队
47381936,平人乐队
1159184,蓬岛以左煮雪烧茶
47131872,PHONO RECORDS
1215001,P-R-K-D
12532,P.K.14
53287036,皮浪
49792062,嘭心
51122082,PPKIN
47193960,Perseids
851210,喷嘭乐团
12371438,PRMY
433848,PUD MUSIC
828124,Project Ace王牌计划
36513047,PLAN3ET AUDIO叁星社
12559,怕胖团
905176,平原习作
29032938,Pocari Sweet
34437052,Production Netease
12542,PB33
52652239,彭野新儿歌
49805747,普利合唱团
12127331,匹诺曹人声乐团
12592,PIA
31769445,PostRadio后电台
37203082,怕繁杂 Polyphozia
12001096,Paca人声乐团
30233504,Pale Air 淡色艾尔
12536,痞克四
51345590,Postcard Music
12557,皮痛
31153397,碰碰狐PINKFONG
46273630,PSYCHO WORLD
14016428,Polaris Universal(北极星)
1203040,皮蛋
12459157,霹雳爷们儿
13111430,破晓音乐
46317449,派对间谍PartySpy
48129082,Pillowine
12930969,Power Milk
33142385,Proever唱作社
12538748,PureGANG
1040154,Parasitic-Eve
34149399,Pizzaface披萨脸
12282762,苹果派乐队
51004510,Penny In The Slot贩卖机楼上
52509471,PlanB策划组
12334329,PANDA组合
54812150,PANDA FUNK
46500130,旁白
12534,PixelToy
34435690,朋友请听好
58509038,PARKING LOT
29591148,P.C.G (紫猫帮）
12580,P!SCO
37334295,平静鬼车
4760,PNC说唱
28611970,Plan Boom（爆炸计划）
33786917,PARADISE帕瑞达斯
31086131,Pylon
54379385,Persona
12550,胖虎 punkhoo
34618156,帕森卡
46617093,P1X3L
98943,優雅逆轉 Posh Inverse
54747428,LZY.plus
12032198,Pumpkins小南瓜乐队
927054,屁屁与大肘肘
12543,屏东狮子乡草埔国小学童
34470649,扑克脸乐队
52980076,粉浪
12028243,POiSON
52239911,xxxKing
34537452,paka
54959033,破晓巡航Down for Dawn
61511366,DJ小祖Remix
28638689,Pink_NA
246560,Punisher
51610272,Passionfruit Records
46698916,punchline
34659833,心脏愈合世界
52957276,派瑞特音乐工作室
12028175,片儿川
12535,蒲公英合唱团
12604,青鸟飞鱼
53394308,犬儒乐队
1039873,茄子蛋
9199,圈圈宝贝
12138261,千坂
12651,七朵组合
12718,青春美少女
36811379,气运联盟
57687171,青苹果学园幼儿园
30548870,浅水ShallowEnd
12051076,缺省
31153286,青春有你
51936982,黔东南侗族原住民
12656,Quark夸克乐队
47425225,曲酷
12608,青蛙乐队
46392824,轻松频率
12603,七八点
47680929,七朵家族
12228023,千秋万代工作室
48264694,恋爱脑Good
54746647,轻松音乐盒
48613646,巧虎
33860041,清华大学学生艺术团合唱队
12610,强辩乐团
52970268,XY-MUSIC
33996039,漱玉集
32209214,穷辛Korsion
13793226,巧克力工廠
53097963,晴天姐妹
48134796,七月
46588906,七号疯球
12602,雀斑
1073034,七音盒
12617,青燕子演唱组
36703912,悄悄唱歌给华晨宇听
12866296,清羽
55088860,青春老男孩
31158650,骑骑一跃
35258887,七赫兹乐队
13492,青年小伙子
53183198,轻松旋律
60974234,七月新社
12083185,千玺之声_音乐站
12378070,情歌伴侣
53094914,清河明子
12611,青铜器
34025754,七色阳光
52735377,iawy
30617435,亲宝文化
12605,清醒乐队
12195251,千与工作室
56040035,气沉郸田音乐
12349094,穷客乐队
12064031,琴南Kodoku
33232728,权倾学院a
57601502,轻松时光乐团
1132214,潜水大象
57312347,澄韵文化
53654371,轻纯音乐
12607,秋天的虫子
12761778,全民舞姬
32655452,Bennny
1122079,麒麟Baby
59686604,哭包
220861,青春大卫
12204380,气球人 Gasphers
53415927,栖云异梦
37666506,囚牛乐团
12002111,清茫乐队
12093176,曲辞未归音乐团队
37189830,蔷芜
13698403,群像
46440628,奇怪的日子乐队
30785020,清琦工作室
12646168,情绪波浪
50366271,轻音乐钢琴
61803432,荞麦面Chromamen
50269612,七乐团
34592831,琴音阁原创团队
61518387,球球音乐电台
12609,丘丘合唱团
52796100,青阳苏打
33781622,七高
13450926,轻乐队
50343875,青年气氛组
33398926,青原FIDA
30596482,青 皮 會
54526512,话说音乐工作室
12606,轻松玩
34599341,群星（华语群星）
980039,HYM乐团
58805150,LoSakura_知樱工作室
33027786,千败1000 Failures
55400063,乔柏丞
56121001,气象限定Quadrant
46499782,觑望人间
49234386,西多士乐团
12636,企鹅
34248504,青空风暴
59638593,人工智能小霸王
33165901,RICHNOMADIC
31446467,RAMBO GANG
12127507,Round_2
1047139,RAiNBOW计划
840421,瑞鸣音乐
9263,Robynn &amp; Kendy
34339482,E M B R Z
12327097,RT
12350418,REVIVAL MUSIC
37259167,染霜华原创音乐
49918340,弱水WeakWaves
47062607,软柿子（Soft Persimmon）
29500218,RED8红八
32508014,R1SE
12666,Raidas
28071541,RADI8
1160233,RESOUND理想人声乐团
12897623,Ranglik
12199225,燃也royal
12079107,REDFACE
13643015,Running Blue
34645736,さようなら
46390922,回环 RingAgain
12275446,人行道乐队
59517835,Red on Wood (红飞林)
1185030,Return to Sender
12664,软硬天师
33764855,Ring
35300143,Raft!B Unity
34024947,RollingZoos
52132133,日出俱乐部
828154,热斑乐队
50446579,任何角落
12682,瑞王R.W.F乐队
1135093,RCVO粤语配音组
12679,Rustic
48995020,Roderick-lk
48331529,Robot Swing
12198073,肉先生_Mr.Flesh
12521738,Rinzz热因子
56031728,Rolling打滚儿
52880826,yym
50507812,RICHKID MUSIC
12038111,燃点人声乐团
35656808,RUMBLE MUSIC
12272237,DIRTYCLEAN
12189098,热键被杀手
53332531,融梦动漫
12148184,Rs Crew
787034,ReDor锐豆乐队
1039319,Odd Couple
14016677,babe软软
30293726,RMB
36342936,如梦乐队（ROMO）
12442996,RedHill
12689,RTA
59335455,REPLAY乐团
54364921,Rosy Cloud Sounds
54959219,ReTAG Official
36147562,RAGSIZ
12002217,RUBUR
30126558,R16
12127922,Radio-Man电波先生
12668,人工卫星
1132327,人声兄弟
53177735,R E T A L I A T E
46721723,Retro Offical
57634956,MIX_vz_
35135115,Rage Rabbits
49237597,RECall
12172643,热浪乐队
35082553,热信号
14711098,RMG组合
13058483,RPG &amp; NEOSO
53095903,如是青山【官号】
12667,Reborn
52479554,HY河鱼HY
12631342,任意门游戏
51940548,ROCC说唱会社
59292710,染色体全员
31157692,RZF gang studio
12494417,Ramblin' Roze 漫波罗泽
60441871,Rover
51829765,浪漫骨头
12138313,热地乐队
12419639,Rebel Army
46673342,Rebirth凝聚
53433299,Rc过山车人声乐团
29032329,RoyalExplorer
12528310,ROT说唱团体
12327085,RockstarCountUp
49771992,Reborn
1199103,ROXAM
30796221,瑞儿音乐ARIEL
12769471,Rainbow Pony
51294811,赤潮REDTIDE
12419261,Ryusa Works
35203451,Redmancy瑞德曼西
12904582,如果爱
32540734,塞壬唱片-MSR
12707,苏打绿
49802607,三人行影音工作室
33806754,时代少年团
12712,水木年华
51929682,SSr
30002425,Sunken Boat 沉舟乐队
1153005,situasian张太郎
57031080,十个勤天
33527748,Siren
60001988,sunflow3rs
12711,声音玩具
56194859,SFNT
12752,三角COOL
12710,声音碎片乐队
12709,S.H.E
1199126,上海彩虹室内合唱团
1194019,Schoolgirl byebye
12744,孙建平 &amp; Sweet Style
12864,Supper Moment
12083147,Saiakoup
12194673,三三儿歌
46463584,Sound of Tomorrow
12721,Soler
12479696,斯斯与帆
855599,时光胶囊
12730781,SOULFRESH BEATS
35881376,聲無哀樂
32024816,傻子与白痴
794014,SNH48
12269044,散人
60366149,身骑白马的沉溺DJ在想你
12047978,狮子LION
48126846,摄音记
12847,丝竹空爵士乐团
46588708,Sophia
35882451,苏小宝
12820,上海交响乐团
12128826,水仙斗活佛
12816,四个女生
12107270,树屋女孩
677003,SpeXial
12554220,时间不够以后
12924615,ShahMat
12720,Swing
51786893,三套车乐队
12724,神木与瞳
13793145,狮童
48437081,山娃娃
12279825,十二星宿组合
12380,STOLEN秘密行动
190497,萨满
12002147,Super D
673002,Super Junior M
1045060,苏紫旭&amp;The Paramecia
12662164,STA
12840,Six City
47914862,弎江
33216986,SETI
33630350,声入人心男团 Super Vocal
31005359,SOULFRESH
27728544,Synth Monsters
1159027,山丹丹民歌组合
12780724,深蓝儿童
54381967,Seer
12717,山人乐队
12728,Sweety
13056,闪星TwinkleStar
14801158,沙漏SAALAU
36077532,送春归
1132343,SING女团
53623924,上海玉佛禅寺
12360194,SevenGurusFamily
12488166,伤心欲绝
32465817,Shanghai Qiutian
12442357,苏菲花园乐队
47467909,沙布
11565,霜冻前夜乐队
1074119,孙无忧
52069893,深空之眼
32971452,Spaceport Records
50610972,TOPKINGCREAM
1002084,肆囍乐队
58843183,森兰吉他
51921323,K
12405194,神骏乐团
12877,丝绒公路
12970,上海乐团管弦乐队
1081334,水中的蜻蜓Sally233
12059030,厦门六中合唱团
12395083,厦门爱歌室内合唱团
49674525,North Koreans In China
12745,山鹰组合
12093278,上研乐队
32433689,失浪潮LostWave
12715,舌头
1015027,十八一心童声合唱团
12838,时过夏末
12824,上海民族乐团
12948,叁劈
12971,痛仰乐队
12977,逃跑计划
827728,TFBOYS
12985,Twins
60343055,Toppop
60977837,听潮阁
13528422,T.G.A.阿航
12991,T.R.Y.
12983,Tension
189010,屯门儿童合唱团
713080,TimeZ
12972,唐朝乐队
49321252,Tucci
31286,The Shanghai Restoration Project
13159,TF家族
12948070,甜約翰 Sweet John
36773016,TANG nuri -（lutfi）
13611286,膛词厂
50660337,坨坨芭乐Total Ballad
711463,TG4
12973,Tizzy Bac
12226927,土星皇家交响乐团
12119653,婷婷姐姐
34345039,TG小辉
12992,太极乐队
791155,唐音工作室
33139178,THE BOOTLEGS 靴腿
12074054,土不叔叔乐队
30107370,土豆王国小乐队
49041795,Tacitly_麟犀
12118643,TNT-Studio
12984,天堂乐队
12002044,跳大海
1058078,TONICK
12491406,TAVOS
12079050,The Cheers Cheers
1196009,天府事变CDREV
60405900,TwwwicE
28464437,天唱组合
13027,天杵
12119288,T-Tone_小T
50348140,the L热拉
53046583,TF家族三代练习生
50711683,团名合唱组
828169,瞳乐团
35497806,THE9
12117112,踏云社
30110459,台风少年团
60607005,淘子宿舍
34097416,逃走鮑伯
35954297,3TOZ
1193436,听天汤
12445004,Tenholes蓝调口琴
51829543,DJ-小露Music
12726115,唐猫 SUGARCAT
12967394,特立音行
49795696,天翼童唱
35417056,铁皮软糖
29354323,The Fur.
14115792,退格Backspace
13082,透明杂志
48641650,TUNUQ
1102294,藤乐队
12989,童党乐队Children party
13084,太阳部落
36913078,天府云谷童声合唱团
1049278,The Will On Kill
12283529,The Rose Bites
13027311,汤乐队
36772985,添福宝伪阿姨助攻组
13073,The Molds
12990,铁风筝
12994,脱拉库
12995,The Party
49510710,塔斯汀中国汉堡
50574916,TOP M80
57618218,TF家族练习生
52262952,天气晴
13132,TRASH
14018878,天鹅合唱团
12981,甜梅号
33217006,提香(TITIAN)
12110082,铁脑袋mp3
35258886,Tarzan泰山乐队
12183634,图灵音乐实验室
886212,The Verse
29266045,TOP LINE
13031,泰武国小古谣传唱队
12433213,跳跳堂
12198243,特曼锤
53212913,THE THIRD CREW
51987989,兔小贝
13041,天王星
13304,T.H.P
46278052,提早感知Early Feeling
233900,THE NICO
50161322,TomFatKi
12032105,头发胡同
13790404,The Leg Signals 脚信号
33165777,桐麻乐队
53776050,UNNC Choir
1015121,UNIQ
12259769,UraaL乌冉勒乐队
53178034,UNlimit制作组
48674433,UNIVERSE 444
55241158,U:NUS
12317563,Urizen Society_由理生社
33819851,UnlockMusic安洛音樂
51151843,UNK焕青
1011189,UN1组合
61310661,Undabeatz
52236728,uestc自由度音乐联盟
12028164,Utae
35078024,UTA
13163,U.TA
51099930,UniqueGenius邮寄
32065460,UTP Studio
29999531,戊泠人捕鱼为业
46697259,Unity Records
5334,U180
32115993,UNINE
36930508,UNOMI MUSIC
56336203,univu5
55212662,URBANSOUND
36927895,Wontear
11973034,Ume band
34912014,UNCLE BAD
12327915,UKMUSIC
37624216,undaloop
49041212,UICE
33496820,U.P
12798716,UIC
13165,UP Girls
52688345,UNNcer
47789224,Universe Records
31656237,Underdogs
52575632,unijay_uni
50534295,U·G超凡基因
1106052,uncle2
52196524,UNTERWASSER在水下
46313179,UNDER GOD
49348169,UNCOMMON Trio
12408254,UNDER LOVER
13160,U235
12769648,林冬&amp;柏青
12851775,UB乐队
33579727,upward music
12571433,UNtouch
37410376,Under Her Lip
36567483,UFMUSICBEATS
13162,Unequal Treaty
13161,Unique
53570287,UNIVERSE
50190069,Ursus A.M.
13500802,U记歌手
55460345,udan
48850786,undefined band
49091491,不确定乐队
56040050,UN24
31158377,Unknown
52372485,古怪的你
939133,UV GIRLS
46276506,U.A
12006301,US乐团
13197054,Universe
49743171,卢卡少爷
12954078,uncle
33876639,U.P-地下车库
48040228,Unnamed制作组
33580895,UpriSing-南部暴动
53486080,U-kenCtoy
53543351,Ultra
11975044,US
48776155,Utopia理想人声乐团
13164,Unfamiliar Friends Party
50246254,UnderFlow暗流乐团
46544401,UKbaby
12274402,UN AVEC DEUX
34368301,UFO_Fantasy_EXO
1193394,Underway
30315361,ucok（麒麟公社）
12768521,霧鴉霧鴉
12467169,United Asians
51279908,Under The Bridge·天桥之下
12029116,VH (Vast &amp; Hazy)
55844369,VK-The Joker
30005041,VitaBrother
13185,Vanguard Sound
1204065,V89乐队
12923633,VIIOX
12126164,Von Citizen
30116574,VERSE
12936297,VBC_反斗少年俱乐部
50980115,VMusic
12768748,VM先生 &amp; 咸鱼SAMA
12001016,Vocal Booth人声乐团
12276729,VocalFuture未来人声
12482207,VKNOW乐队
32603131,00000000
1044125,VR-ONE_PLANET
1038057,Vianz&amp;Shan葳宣&amp;葳安
12498536,V17声优少女
51656870,Bakir Magsur
30702926,VA文化
12483119,V.I.A
13169,VRF
13156753,V博士乐队
12139013,Vroskiii
12214198,Violet Lens 绀
13173,V
57249362,V Three Studio
881013,VOX玩声乐团
58184238,Vultures Records
49487905,VIBER氣氛人
35044386,VITAMIN
32894983,Vocal°辞归
29051684,V.I.A贪蚁
46637965,VroomFlake
33581628,VolcanoMaker
13520521,歪理思VARIS
13420180,Vulgar HM
28182313,Vaporwave
1077086,Viva Girls
32721416,VitaBrother002
12038186,VETOWAY
794031,Vivian
37343374,利于未来
12308685,Vx野良
34469821,Vcoreibez
47775385,ValeraP
37264108,VirtueSINs
34319705,VinO.TY
54295914,VMV乐队
33377523,Va$$y&amp;₳xiom
13186,Virgos室男社
49806069,BLEACH
13177,V-BAND
13284825,vcompose
48460467,vtvhu
55145787,VERA
35888119,VVice
12184727,夜行船
54176191,VBA
57521853,Vanish Music
13179,Varo
12118113,Vega
35517643,VOF RECORDS
35426425,銀河機動隊
50630291,vie小跞
51751924,VisMajor不可抗力
34354918,多喝沸水Boilin' Waters
12798713,VODKA GANG
54011603,Vibaholics
51159769,Vapor Across Violet（蒸汽紫罗兰）
61341811,Vision Studio
966143,Vector Machine
31147946,VE乐团
51140045,Vic维少
30377937,VIPER GANG
52883315,Victory Day
13178,Varuna
12649730,Veronica维罗妮卡
30952583,VC
1040130,V7
59076887,Vortex 404
52797821,vacuum
53702447,Venus
52626653,VC
50711611,穗
51484577,ViD鸽舍
46551651,V Masters
36569969,VIICS&amp;JIIIM
52085308,V.Time
11989084,VP团
61451570,vknow星
56539284,Voco Novo 爵诺歌手
54702570,V4女子乐队
54683728,v133
53758382,V2计划
54543568,Vine
51439386,Voice Of Nature
52801980,Vermeil
48643970,virtual_
48283748,VueKie
13193,五月天
222871,伍佰 &amp; China Blue
13223,万能青年旅店
13200,顽童MJ116
32432697,蛙池
27725536,忘川风华录
938017,五条人
1026119,瓦依那
12056010,万象凡音
751129,网易游戏
36058808,网易阴阳师手游
57505069,WASTED CLUB
13188,惘闻
12785088,网易音乐人
30773714,WR/OC
12248055,王者荣耀
53362109,续
13197,温拿乐队
13190,无印良品
61399772,王瑞卓&amp;Damm
31053293,威神V(WayV)
13247,文雀
29032310,无限火力
13191,旺福
1212037,万花筒Artascope
12065135,王尔康
851015,王喂马
12037064,温和治疗(MILDCURE)
56733268,五五分fifty-fifty
1019047,武聆音雄
12408001,完美倒立
49777654,万物和声
1016169,卧轨的火车（Railway Suicide Train)
13588,王宝与正午阳光
1032059,王馨悦(白彩虹)
46967986,我是機車少女
57781846,温柔怪兽
12185382,温格华生
1159156,唯利玉碎计划
1199025,万能音符（The Key)
46640244,WHIZZ
33812327,萬象COSMOS
54794420,王老师爱弹琴
35066996,乌拉乐队
56527158,王炸组合
51097849,无实物艺术团
12273314,网易漫画
32780766,温蒂漫步
49445358,王君泽
35416312,我歌且谣
54958283,文百百
12228590,WayLife生活方式
34855688,维度坍缩
1159059,同人乐队
13243,武虎将
5369,五彩呼伦贝尔儿童合唱团
13909039,顽乐团
1102268,吾酷
1050260,橘个栗子
36257992,WERECORDS
1054178,未卜乐队
32117556,无限王者团
893283,萬重乐队
36185051,TAXI
28073119,米茄子乐队
9745,王榆钧与时间乐队
13205,丸子
57136304,雾屿海
13194,无级生
48127021,OriSun
12817018,无妄合作社
12323159,雾虹
32428067,我再也不做你的领航员了
13281,袜子小鸡
55813213,荧光果皮箱乐队
1081451,未完成乐队
12065095,闻音合唱团
13681627,Wave Muzik
33862343,吴奈
1132219,邬先生乐队
12120480,未来世乐队
12943140,温柔是朵花
32487528,问题总部
12372028,无有乐队
12281933,未来计划
56878123,WAV
12923369,Wi-Fire
37623798,WavyGround
30615320,Who Cares 胡凯儿
31009774,BCLZ边城
48816834,木仙儿
13248,玩具头乐队(Toy Head)
13203,晚间新闻
12195370,尾声
15193025,乌拖班LazyBones
35951806,五坚情WOLF(S)
991070,微风乐集
13237,玩具船长
1204005,五号信箱
61260890,无花果树合唱团
12383009,夏日入侵企画
13282,新裤子
13283,信乐团
14200958,小河狸贝瓦
13333,新街口组合
1199032,新学校废物合唱团
900347,小旭音乐
1033013,嘻游记
13286,小虎队
12503194,新乐尘符
1145026,小石头和孩子们
13321,小紫荆儿童合唱团
61186114,郭有才
13279,小娟&amp;山谷里的居民
36217141,幸存者联盟
12434796,雪茄剪
12290115,新韵传音
1178104,血肉果汁机
33584072,鲜克
36618531,星童声南京合唱团
1115214,小男孩乐团
187462,小老虎
1006074,夏天播放
1156315,兄弟本色
12050062,笑匠 HAHA MASTER
60602764,徐雯雯&amp;王星辰
13366,旭日阳刚
53244073,小小歌唱家
1170004,汐音社
12307447,西藏病人
12107630,The Rebirth of Creeper
12031090,新乐府
50318073,小隆
57994712,小西柚工作室
12491003,弦外之音
12281493,醒耳人声乐团
12546366,朽徒
34594312,喜莱坞
56920751,打篮球的鸡
13316,香港中乐团
1194048,新疆SPEAKER说唱
56606672,唉
12386999,醒山AwakeMountains
59638622,旋律纳米机器人
13398,西游乐队
12206035,XY小羊原创音乐
52560532,小麦苗
50018094,香蕉俱乐部（banana club）
55013508,小银星艺术团
48985917,野菩萨
30294177,小汤没吃饱
1049277,嘻哈研究生
47381974,小郗
13299,星星月亮太阳
12975548,消除联萌
53361276,OPC 魅妖国际音乐
13287,小熊饼干
32826808,Loop play
1132085,熊猫眼乐队
1090021,雪沉乐队
32440707,小唐人
12996518,X玖少年团
52309095,夏和乐
12176166,新雅室内乐
13325,兄弟联
991119,新青年理发厅
34978826,弦上春秋Official
51685407,属柒音乐
1049173,新疆艺术剧院歌舞团
33937610,希声
33156225,刘一苏
13380,戏班
60127354,MK_HOUSE
54847081,徐陈義
48128372,AWESOME翻唱团
1185079,虚极乐队
48555033,小熊乐团
13297,新少年俱乐部
13331,相对论乐队
226322,雪莲三姐妹
858167,小雨乐队
51528658,小小江湖
12358388,香尘雾隐
13284,熊宝贝
12235751,小笛子
13328,夏
12358,先知玛莉
223334,小荧星合唱团
11407,新工人乐团
809020,香料SPIICE
13408,香港管弦乐团
53905486,小跳蛙合唱团
1153001,咸空气乐队
35258890,星火飞行器
13318,小星星合唱团
12465443,小小江湖工作室
54504757,笑傲江湖马戏乐团
51528913,小落北子
12571227,希爾露在現世人間
32973008,弦笙
12174521,音阙诗听
35037364,与少年他
37650739,乐柠组合
1047337,英雄联盟
13418,羽·泉
12029112,椅子乐团 The Chairs
31727575,伊格赛听
52634712,cek7
52249135,KEVIN
37547047,音乐好朋友
34403818,音谋论
36955293,遗忘俱乐部
13540,月之门
954530,有声读物
1193482,原子邦妮
947021,有声小说
13422,羽果
53362997,NewPiano
32647834,Y星人
50131781,Monk
51592006,Young Xxxg
13434,宇宙人
12128298,一棵小葱
12039028,Young Simba
13421,腰乐队
12237371,七滴泪
59638630,音乐休憩站
32829967,Yzz Beats
33426084,乐游记乐队
13493,亚洲天使童声合唱团
12632304,鱼条 Fish Stick
29580797,Young-Flow
30529299,御鹿神谷
13531,耀乐团
60679793,DJ阿智
32512729,乐队的夏天
51582227,熠燃音乐
13416,野孩子
14712117,一奏器乐派
1217015,耶鸡音乐ChikenpestMusic
32177524,鱼小墨
51337923,壹·琴房
1032146,野外合作社
13535,Yonder Voice
13419,与非门
13528,于秋璇
33895860,乐宝宝与朋友童谣
52434469,梦瑶旗
50271299,壹凡的诗词歌赋
13526,永动机
1018125,郁乐队
13439,译乐队
12528444,异世谣
52955512,银河少年电视艺术团
36811162,银河系
55272292,YOYO家族艺人
36301312,鱼丁糸
13489,云雀合唱团
962079,一三
58380879,藥倦
30003651,优秀少年(GOOD BOYS)
48924151,Young Shop
47058920,音乐小柚子
12173538,异新音乐
53569083,ys
60968986,咿牛儿歌
13549,yourboyfriendsucks!
12444297,马鑫
13529,衣湿乐队
13417,优客李林
47508586,娱乐王牌先锋
49840046,庸俗救星Vulgar Savior
12386886,余声乐队
12217063,野岸刊
49264598,野浪吉他社
12386139,一色合唱组
53725908,YiJu-Artsy
13449974,永力兄弟
12172466,月蚀音乐
30447252,余音社
13426,元卫觉醒
12460368,YOUNG&amp;DUMB甜又丧乐队
32430785,月下尘星
13445,彝人制造
105698,亚洲爱乐乐团
51502317,Young Xxxj
48988299,饮马池
13427,夜叉乐队
49200138,依澪-LS
46550026,原野上的声音
53720774,伊舒尔
226415,原舞者
13563,有声奶昔
13425,液氧罐头
37550914,雨果
51925112,野肆乐队Reckless Abandon
13428,萤火虫
28186331,YoungHustle氧哈飕
13429,隐藏
30382819,壹环的复兴
37255369,制造热搜
12699514,粥粥和小伙
13104057,昨夜派对（L.N Party）
13584,至上励合
12003155,直火帮 Straight Fire Gang
13593,中国人民解放军军乐团
13598,中央人民广播电台少年广播合唱团
49802817,佛教音乐
13580,纵贯线
173002,张玮玮
12039082,长气制作
13638,中国交响乐团
36566665,朱妮托尼
51533054,贊詩
154009,中央乐团合唱队
47298186,张韶涵网易云资讯台
34166299,战双帕弥什
49103473,纸嫁衣
13612,中央民族乐团
13603,中国爱乐乐团
12760796,47号（No.FortySeven)
13652,自由派对
12024023,ZERO-G
53091607,灼海豚乐队
12235746,脏手指 Oh! Dirty Fingers
858270,左麟右李
28387237,Zpecial
13698,中国广播之友合唱团
13579,自然卷
49045902,自得琴社
30380203,浙音4811（一个大金意）
13595,中国娃娃
46923034,最后的厂牌
35290832,周艺生
13643,Zaliva-D
187800,重庆市青少年宫银杏童声合唱团
13587,指南针
12386935,ZaZaZsu
12643272,账户已注销
51619423,1z
12116205,早西
30207825,ZD Gang
13664,追星族
13685,中国交响乐团合唱团
13662,中国广播民族乐团
59639537,治愈房车
13645,中国武警男声合唱团
12047866,张三李四
57746722,枕边音乐盒
58262825,刘忆刘
13687,中国交响乐团附属少年及女子合唱团
13649,再循环乐队
48814593,左白里音乐
985226,自画像乐队
12899480,中国人民大学合唱团
1043180,正皇旗组合
1094315,战旗乐队SULD
50739875,造热CatchFire
1050549,脏理儿DirtyTruth
12118,葬尸湖
13594,左右乐队
58906710,仲夏夜
46355938,左罗乐团
12124058,藏堂
12475735,展展与罗罗
13605,紫环
13590,沼泽
220811,左卡
12135073,泽宙斯姬
30116847,周旭
13651,中国歌剧舞剧院交响乐团
27729494,ZyNine
13694,中央芭蕾舞团交响乐团
48045860,中华淮剧
12874477,自由窝
235482,子曰乐队
53569686,中国好声音学员
51863793,中国音乐学院民族乐团
47680703,走马天涯仗剑合唱组
28863494,自然而燃
12645546,中国国家大剧院管弦乐团
51083447,只搞同人制作组
13585,指人儿
48039619,周周小朋友
46501565,郑泽聪
59006105,赵露思全国后援会
58143942,幺幺酱
961114,正月十五
864122,中国电影乐团民族乐团
12306251,.
31053016,战斗吧歌姬
31253298,赵潮&amp;TAOBand
13586,战斧乐队
61496905,水样年华
1115163,重庆华岩寺梵呗音乐团
13602,窒息乐队
13618,中国武警合唱团
13600,张崇基&amp;张崇德
52333108,致幻森林（Forest of Illusion）
1098088,羞涩的人ZingWay
1024308,张碧晨
10562,张韶涵
12213291,张叶蕾
48345452,邹沛沛
10559,张惠妹
10561,张靓颖
10572,张芸京
12157330,周星星
61831313,知更鸟
13972037,赵露思
12195788,芝麻Mochi
10558,周笔畅
32068576,张德伊玲
10763,曾沛慈
10577,周慧敏
10571,郑秀文
10750,曾轶可
12063092,邹念慈
10557,张悬
10594,甄妮
12441367,詹雯婷
59412707,周深深
12023202,赵方婧
12292708,周思涵
12279635,祖娅纳惜
10879,张晓棠
14588567,张晓涵
31136991,粥粥
31569994,张诗莉
1006061,赵晨唏
15022168,张紫宁
12085066,ZIV
49529407,梅菜扣肉肉
12071014,周延英（英子-effie）
12565296,指尖笑
10566,卓文萱
10607,祖海
10578,张玉华
10582,朱婧汐Akini Jing
33613818,泽典
12193156,曾高兴
34421563,ZulpYe
10580,郑融
34613596,Zakiya晴子
12969327,Zkaaai
12258760,灼夭
13226442,张小斐
10589,张蔷
12312068,周洁琼
33008145,张馨月
10875,郑宜农
196134,章子怡
12175349,张钰琪
28612068,炸酱面zzang
61892089,周周
29397237,邹秋实
51936473,张小只ya
10569,周蕙
1053026,曾惜
10782,郑欣宜
12048298,庄达菲
1049463,张子枫
30526222,周依然
27725882,昭爻tsuki
10585,张也
10587,郑怡
12303399,赵乃吉
10591,钟嘉欣
33397447,张柯骛
30712867,赵十三
1217008,曾雪雅
10584,张柏芝
55361446,张安琪
30547841,泽旺拉姆
12164067,赵宥乔
10563,周迅
12084518,执素兮
61322450,庄心研
37207396,朱婷婷
1146112,曾婕Joey.Z
10583,张含韵
10573,张清芳
12454464,左乙
29588671,杂草怪
33609642,周林枫
34317852,Zoya-Amat本人
61891488,张怡小朋友
34199410,之之是林之之
10599,张惠春
33126799,赵栖兑
12204244,张婉清
31621336,周小楠
12760882,纸砚Zyan
58732208,大小姐
783059,张檬
961055,周玥
10593,赵学而
12119310,执纸大魔王
61232673,⁣余⁣⁡若瑜
34804304,曾可妮
